,Symbol
0,AACG
1,AACI
2,AACIU
3,AACIW
4,AADI
5,AADR
6,AAL
7,AAME
8,AAOI
9,AAON
10,AAPB
11,AAPD
12,AAPL
13,AAPU
14,AAXJ
15,ABCB
16,ABCL
17,ABCM
18,ABEO
19,ABIO
20,ABL
21,ABLLW
22,ABNB
23,ABOS
24,ABSI
25,ABST
26,ABUS
27,ABVC
28,ACAB
29,ACABU
30,ACABW
31,ACAC
32,ACACU
33,ACACW
34,ACAD
35,ACAH
36,ACAHW
37,ACAX
38,ACAXR
39,ACAXU
40,ACAXW
41,ACB
42,ACBA
43,ACBAU
44,ACBAW
45,ACCD
46,ACDC
47,ACDCW
48,ACER
49,ACET
50,ACGL
51,ACGLN
52,ACGLO
53,ACGN
54,ACHC
55,ACHL
56,ACHV
57,ACIU
58,ACIW
59,ACLS
60,ACLX
61,ACMR
62,ACNB
63,ACNT
64,ACON
65,ACONW
66,ACOR
67,ACRS
68,ACRV
69,ACRX
70,ACST
71,ACT
72,ACTG
73,ACVA
74,ACWI
75,ACWX
76,ACXP
77,ADAG
78,ADAP
79,ADBE
80,ADD
81,ADEA
82,ADER
83,ADERU
84,ADERW
85,ADES
86,ADI
87,ADIL
88,ADILW
89,ADMA
90,ADMP
91,ADN
92,ADNWW
93,ADOC
94,ADOCR
95,ADOCW
96,ADP
97,ADPT
98,ADSE
99,ADSEW
100,ADSK
101,ADTH
102,ADTHW
103,ADTN
104,ADTX
105,ADUS
106,ADV
107,ADVM
108,ADVWW
109,ADXN
110,AEAE
111,AEAEU
112,AEAEW
113,AEHL
114,AEHR
115,AEI
116,AEIS
117,AEMD
118,AENT
119,AENTW
120,AEP
121,AEPPZ
122,AEY
123,AEYE
124,AEZS
125,AFAR
126,AFARU
127,AFARW
128,AFBI
129,AFCG
130,AFIB
131,AFMD
132,AFRI
133,AFRIW
134,AFRM
135,AFYA
136,AGAE
137,AGBA
138,AGBAW
139,AGEN
140,AGFY
141,AGIL
142,AGILW
143,AGIO
144,AGLE
145,AGMH
146,AGNC
147,AGNCL
148,AGNCM
149,AGNCN
150,AGNCO
151,AGNCP
152,AGNG
153,AGRI
154,AGRIW
155,AGRX
156,AGYS
157,AGZD
158,AHCO
159,AHG
160,AHI
161,AIA
162,AIB
163,AIBBR
164,AIH
165,AIHS
166,AIMAU
167,AIMAW
168,AIMBU
169,AIMD
170,AIMDW
171,AIP
172,AIQ
173,AIRG
174,AIRR
175,AIRS
176,AIRT
177,AIRTP
178,AIXI
179,AKAM
180,AKAN
181,AKBA
182,AKLI
183,AKRO
184,AKTS
185,AKTX
186,AKU
187,AKYA
188,ALAR
189,ALBT
190,ALCO
191,ALCY
192,ALCYU
193,ALCYW
194,ALDX
195,ALEC
196,ALGM
197,ALGN
198,ALGS
199,ALGT
200,ALHC
201,ALIM
202,ALKS
203,ALKT
204,ALLK
205,ALLO
206,ALLR
207,ALLT
208,ALNY
209,ALOR
210,ALORU
211,ALORW
212,ALOT
213,ALPA
214,ALPAU
215,ALPAW
216,ALPN
217,ALPP
218,ALPS
219,ALRM
220,ALRN
221,ALRS
222,ALSA
223,ALSAR
224,ALSAU
225,ALSAW
226,ALT
227,ALTI
228,ALTO
229,ALTR
230,ALTU
231,ALTUU
232,ALTUW
233,ALTY
234,ALVO
235,ALVOW
236,ALVR
237,ALXO
238,ALYA
239,ALZN
240,AMAL
241,AMAM
242,AMAO
243,AMAOU
244,AMAOW
245,AMAT
246,AMBA
247,AMCX
248,AMD
249,AMED
250,AMEH
251,AMGN
252,AMID
253,AMKR
254,AMLI
255,AMLX
256,AMNB
257,AMOT
258,AMPG
259,AMPGW
260,AMPH
261,AMPL
262,AMRK
263,AMRN
264,AMRS
265,AMSC
266,AMSF
267,AMST
268,AMSWA
269,AMTB
270,AMTI
271,AMTX
272,AMWD
273,AMZD
274,AMZN
275,AMZU
276,ANAB
277,ANDE
278,ANEB
279,ANGH
280,ANGHW
281,ANGI
282,ANGL
283,ANGO
284,ANIK
285,ANIP
286,ANIX
287,ANNX
288,ANSS
289,ANTE
290,ANTX
291,ANY
292,ANZU
293,ANZUU
294,ANZUW
295,AOGO
296,AOGOU
297,AOGOW
298,AOSL
299,AOTG
300,AOUT
301,APA
302,APAC
303,APACU
304,APACW
305,APCX
306,APCXW
307,APDN
308,APEI
309,APGE
310,APGN
311,APGNW
312,API
313,APLD
314,APLM
315,APLMW
316,APLS
317,APLT
318,APM
319,APMI
320,APMIU
321,APMIW
322,APOG
323,APP
324,APPF
325,APPH
326,APPHW
327,APPN
328,APPS
329,APRE
330,APTM
331,APTMU
332,APTMW
333,APTO
334,APVO
335,APWC
336,APXI
337,APXIW
338,APYX
339,AQB
340,AQMS
341,AQST
342,AQU
343,AQUNR
344,AQUNU
345,AQWA
346,ARAV
347,ARAY
348,ARBB
349,ARBE
350,ARBEW
351,ARBG
352,ARBGU
353,ARBGW
354,ARBK
355,ARBKL
356,ARCB
357,ARCC
358,ARCE
359,ARCT
360,ARDS
361,ARDX
362,AREB
363,AREBW
364,AREC
365,ARGX
366,ARHS
367,ARIZ
368,ARIZR
369,ARIZW
370,ARKO
371,ARKOW
372,ARKR
373,ARLP
374,AROW
375,ARQQ
376,ARQQW
377,ARQT
378,ARRW
379,ARRWU
380,ARRWW
381,ARRY
382,ARTE
383,ARTEU
384,ARTEW
385,ARTL
386,ARTLW
387,ARTNA
388,ARTW
389,ARVL
390,ARVN
391,ARVR
392,ARWR
393,ARYD
394,ARYE
395,ASCA
396,ASCAR
397,ASCAU
398,ASCAW
399,ASCB
400,ASCBR
401,ASCBU
402,ASCBW
403,ASET
404,ASLE
405,ASLN
406,ASMB
407,ASML
408,ASND
409,ASNS
410,ASO
411,ASPA
412,ASPAU
413,ASPAW
414,ASPI
415,ASPS
416,ASRT
417,ASRV
418,ASST
419,ASTC
420,ASTE
421,ASTI
422,ASTL
423,ASTLW
424,ASTR
425,ASTS
426,ASTSW
427,ASUR
428,ASYS
429,ATAI
430,ATAK
431,ATAKR
432,ATAKW
433,ATAT
434,ATCOL
435,ATEC
436,ATER
437,ATEX
438,ATHA
439,ATHE
440,ATHX
441,ATIF
442,ATLC
443,ATLCL
444,ATLCP
445,ATLO
446,ATLX
447,ATMC
448,ATMCR
449,ATMCU
450,ATMCW
451,ATMV
452,ATMVR
453,ATMVU
454,ATNF
455,ATNFW
456,ATNI
457,ATOM
458,ATOS
459,ATRA
460,ATRC
461,ATRI
462,ATRO
463,ATSG
464,ATVI
465,ATXG
466,ATXI
467,ATXS
468,AUBN
469,AUDC
470,AUGX
471,AUID
472,AUPH
473,AUR
474,AURA
475,AURC
476,AURCU
477,AURCW
478,AUROW
479,AUTL
480,AUUD
481,AUUDW
482,AUVI
483,AUVIP
484,AVAH
485,AVAV
486,AVDL
487,AVDX
488,AVGO
489,AVGR
490,AVHI
491,AVHIU
492,AVHIW
493,AVID
494,AVIR
495,AVNW
496,AVO
497,AVPT
498,AVPTW
499,AVRO
500,AVT
501,AVTA
502,AVTE
503,AVTX
504,AVXL
505,AWH
506,AWIN
507,AWINW
508,AWRE
509,AXDX
510,AXGN
511,AXLA
512,AXNX
513,AXON
514,AXSM
515,AXTI
516,AY
517,AYRO
518,AYTU
519,AZ
520,AZN
521,AZPN
522,AZTA
523,AZYO
524,BABX
525,BACK
526,BAER
527,BAERW
528,BAFN
529,BAND
530,BANF
531,BANFP
532,BANL
533,BANR
534,BANX
535,BAOS
536,BASE
537,BATRA
538,BATRK
539,BBCP
540,BBGI
541,BBH
542,BBIG
543,BBIO
544,BBLG
545,BBLGW
546,BBSI
547,BCAB
548,BCAL
549,BCAN
550,BCBP
551,BCDA
552,BCDAW
553,BCEL
554,BCLI
555,BCML
556,BCOV
557,BCOW
558,BCPC
559,BCRX
560,BCSA
561,BCSAU
562,BCSAW
563,BCTX
564,BCTXW
565,BCYC
566,BDGS
567,BDRX
568,BDSX
569,BDTX
570,BEAM
571,BEAT
572,BEATW
573,BECN
574,BEEM
575,BEEMW
576,BELFA
577,BELFB
578,BENF
579,BENFW
580,BFC
581,BFI
582,BFIIW
583,BFIN
584,BFIT
585,BFRG
586,BFRGW
587,BFRI
588,BFRIW
589,BFST
590,BGC
591,BGCP
592,BGFV
593,BGLC
594,BGNE
595,BGRN
596,BGRY
597,BGRYW
598,BGXX
599,BHAC
600,BHACU
601,BHACW
602,BHAT
603,BHF
604,BHFAL
605,BHFAM
606,BHFAN
607,BHFAO
608,BHFAP
609,BHRB
610,BIAF
611,BIAFW
612,BIB
613,BICK
614,BIDU
615,BIGB
616,BIGC
617,BIGT
618,BIIB
619,BILI
620,BIMI
621,BIOC
622,BIOL
623,BIOR
624,BIOS
625,BIOSU
626,BIOSW
627,BIOX
628,BIRD
629,BIS
630,BITF
631,BITS
632,BIVI
633,BJDX
634,BJK
635,BJRI
636,BKCC
637,BKCH
638,BKIV
639,BKNG
640,BKR
641,BKSC
642,BKWO
643,BKYI
644,BL
645,BLAC
646,BLACR
647,BLACU
648,BLACW
649,BLBD
650,BLBX
651,BLCN
652,BLDE
653,BLDEW
654,BLDP
655,BLEU
656,BLEUR
657,BLEUW
658,BLFS
659,BLFY
660,BLIN
661,BLKB
662,BLLD
663,BLMN
664,BLNG
665,BLNGU
666,BLNGW
667,BLNK
668,BLPH
669,BLRX
670,BLTE
671,BLUE
672,BLZE
673,BMBL
674,BMEA
675,BMR
676,BMRA
677,BMRC
678,BMRN
679,BND
680,BNDW
681,BNDX
682,BNGO
683,BNGOW
684,BNIX
685,BNIXR
686,BNIXW
687,BNMV
688,BNOX
689,BNR
690,BNRG
691,BNSO
692,BNTC
693,BNTX
694,BOCN
695,BOCNU
696,BOCNW
697,BOF
698,BOKF
699,BOLT
700,BON
701,BOOM
702,BOSC
703,BOTJ
704,BOTZ
705,BOWNU
706,BOXL
707,BPMC
708,BPOP
709,BPOPM
710,BPRN
711,BPTH
712,BPTS
713,BPYPM
714,BPYPN
715,BPYPO
716,BPYPP
717,BRAC
718,BRACR
719,BRACU
720,BRAG
721,BREA
722,BREZ
723,BREZR
724,BREZW
725,BRFH
726,BRID
727,BRKH
728,BRKHU
729,BRKHW
730,BRKL
731,BRKR
732,BRLI
733,BRLIR
734,BRLIU
735,BRLIW
736,BRLT
737,BRNY
738,BROG
739,BROGW
740,BRP
741,BRQS
742,BRSH
743,BRSHW
744,BRTX
745,BRY
746,BRZE
747,BSBK
748,BSCN
749,BSCO
750,BSCP
751,BSCQ
752,BSCR
753,BSCS
754,BSCT
755,BSCU
756,BSCV
757,BSCW
758,BSET
759,BSFC
760,BSGM
761,BSJN
762,BSJO
763,BSJP
764,BSJQ
765,BSJR
766,BSJS
767,BSJT
768,BSJU
769,BSMN
770,BSMO
771,BSMP
772,BSMQ
773,BSMR
774,BSMS
775,BSMT
776,BSMU
777,BSMV
778,BSMW
779,BSQR
780,BSRR
781,BSVN
782,BSVO
783,BSY
784,BTAI
785,BTB
786,BTBD
787,BTBDW
788,BTBT
789,BTCS
790,BTCY
791,BTDR
792,BTEC
793,BTF
794,BTM
795,BTMD
796,BTMDW
797,BTMWW
798,BTOG
799,BTTX
800,BTWN
801,BTWNU
802,BTWNW
803,BUG
804,BUJAU
805,BULD
806,BUSE
807,BVS
808,BVXV
809,BWAC
810,BWACW
811,BWAQ
812,BWAQR
813,BWAQW
814,BWAY
815,BWB
816,BWBBP
817,BWC
818,BWCAU
819,BWCAW
820,BWEN
821,BWFG
822,BWMN
823,BWMX
824,BWV
825,BXRX
826,BYFC
827,BYND
828,BYNO
829,BYNOU
830,BYNOW
831,BYOB
832,BYRN
833,BYSI
834,BYTS
835,BYTSU
836,BYTSW
837,BZ
838,BZFD
839,BZFDW
840,BZUN
841,CAAS
842,CABA
843,CAC
844,CACC
845,CACG
846,CACO
847,CADL
848,CAFG
849,CAKE
850,CALB
851,CALC
852,CALM
853,CALT
854,CALY
855,CAMP
856,CAMT
857,CAN
858,CAPR
859,CAR
860,CARA
861,CARE
862,CARG
863,CARM
864,CARV
865,CARZ
866,CASA
867,CASH
868,CASI
869,CASS
870,CASY
871,CATC
872,CATH
873,CATY
874,CBAN
875,CBAT
876,CBAY
877,CBFV
878,CBIO
879,CBNK
880,CBRG
881,CBRGU
882,CBRGW
883,CBRL
884,CBSH
885,CBUS
886,CCAI
887,CCAIU
888,CCAIW
889,CCAP
890,CCB
891,CCBG
892,CCCC
893,CCCS
894,CCD
895,CCEP
896,CCLD
897,CCLDO
898,CCLDP
899,CCLP
900,CCNE
901,CCNEP
902,CCOI
903,CCRN
904,CCSI
905,CCSO
906,CCTS
907,CCTSW
908,CD
909,CDAQ
910,CDAQU
911,CDAQW
912,CDC
913,CDIO
914,CDIOW
915,CDL
916,CDLX
917,CDMO
918,CDNA
919,CDNS
920,CDRO
921,CDROW
922,CDTX
923,CDW
924,CDXC
925,CDXS
926,CDZI
927,CDZIP
928,CEAD
929,CEADW
930,CECO
931,CEFA
932,CEG
933,CELC
934,CELH
935,CELL
936,CELU
937,CELUW
938,CELZ
939,CENN
940,CENT
941,CENTA
942,CENX
943,CERE
944,CERS
945,CERT
946,CETU
947,CETUR
948,CETUU
949,CETUW
950,CETX
951,CETXP
952,CETY
953,CEVA
954,CFA
955,CFB
956,CFBK
957,CFFE
958,CFFEU
959,CFFEW
960,CFFI
961,CFFN
962,CFFS
963,CFFSU
964,CFFSW
965,CFIV
966,CFIVU
967,CFIVW
968,CFLT
969,CFMS
970,CFO
971,CFRX
972,CFSB
973,CG
974,CGABL
975,CGBD
976,CGC
977,CGEM
978,CGEN
979,CGNT
980,CGNX
981,CGO
982,CGRN
983,CGTX
984,CHB
985,CHCI
986,CHCO
987,CHDN
988,CHEA
989,CHEAU
990,CHEAW
991,CHEF
992,CHEK
993,CHI
994,CHK
995,CHKEL
996,CHKEW
997,CHKEZ
998,CHKP
999,CHMG
1000,CHNA
1001,CHNR
1002,CHPS
1003,CHRD
1004,CHRS
1005,CHRW
1006,CHSCL
1007,CHSCM
1008,CHSCN
1009,CHSCO
1010,CHSCP
1011,CHSN
1012,CHTR
1013,CHUY
1014,CHW
1015,CHX
1016,CHY
1017,CIBR
1018,CID
1019,CIFR
1020,CIFRW
1021,CIGI
1022,CIL
1023,CINF
1024,CING
1025,CINGW
1026,CIRC
1027,CISO
1028,CISS
1029,CITE
1030,CITEU
1031,CITEW
1032,CIVB
1033,CIZ
1034,CIZN
1035,CJET
1036,CJJD
1037,CKPT
1038,CLAR
1039,CLAY
1040,CLAYU
1041,CLAYW
1042,CLBK
1043,CLBT
1044,CLBTW
1045,CLDX
1046,CLEU
1047,CLFD
1048,CLGN
1049,CLIN
1050,CLINR
1051,CLINU
1052,CLINW
1053,CLIR
1054,CLLS
1055,CLMB
1056,CLMT
1057,CLNE
1058,CLNN
1059,CLNNW
1060,CLOA
1061,CLOE
1062,CLOER
1063,CLOEU
1064,CLOU
1065,CLOV
1066,CLPS
1067,CLPT
1068,CLRB
1069,CLRC
1070,CLRCR
1071,CLRCU
1072,CLRCW
1073,CLRG
1074,CLRO
1075,CLSA
1076,CLSC
1077,CLSD
1078,CLSK
1079,CLSM
1080,CLST
1081,CLVR
1082,CLVRW
1083,CLWT
1084,CMAX
1085,CMAXW
1086,CMBM
1087,CMCA
1088,CMCAU
1089,CMCO
1090,CMCSA
1091,CMCT
1092,CME
1093,CMLS
1094,CMMB
1095,CMND
1096,CMPO
1097,CMPOW
1098,CMPR
1099,CMPS
1100,CMPX
1101,CMRA
1102,CMRAW
1103,CMRX
1104,CMTL
1105,CNCR
1106,CNDT
1107,CNET
1108,CNEY
1109,CNFR
1110,CNFRL
1111,CNGL
1112,CNGLW
1113,CNOB
1114,CNOBP
1115,CNSL
1116,CNSP
1117,CNTA
1118,CNTB
1119,CNTG
1120,CNTX
1121,CNTY
1122,CNVS
1123,CNXA
1124,CNXC
1125,CNXN
1126,COCO
1127,COCP
1128,CODA
1129,CODX
1130,COEP
1131,COEPW
1132,COFS
1133,COGT
1134,COHU
1135,COIN
1136,COKE
1137,COLB
1138,COLL
1139,COLM
1140,COMM
1141,COMS
1142,COMSP
1143,COMSW
1144,COMT
1145,CONL
1146,CONN
1147,CONX
1148,CONXW
1149,COOL
1150,COOLU
1151,COOLW
1152,COOP
1153,COPJ
1154,CORT
1155,COSM
1156,COST
1157,COWG
1158,COYA
1159,CPAA
1160,CPAAU
1161,CPAAW
1162,CPHC
1163,CPIX
1164,CPLP
1165,CPOP
1166,CPRT
1167,CPRX
1168,CPSH
1169,CPSI
1170,CPSS
1171,CPTN
1172,CPTNW
1173,CPZ
1174,CRAI
1175,CRBP
1176,CRBU
1177,CRCT
1178,CRDF
1179,CRDL
1180,CRDO
1181,CREC
1182,CRECU
1183,CRECW
1184,CREG
1185,CRESW
1186,CRESY
1187,CREX
1188,CREXW
1189,CRGE
1190,CRGO
1191,CRGOW
1192,CRIS
1193,CRKN
1194,CRMD
1195,CRMT
1196,CRNC
1197,CRNT
1198,CRNX
1199,CRON
1200,CROX
1201,CRSP
1202,CRSR
1203,CRTO
1204,CRUS
1205,CRVL
1206,CRVS
1207,CRWD
1208,CRWS
1209,CSA
1210,CSB
1211,CSBR
1212,CSCO
1213,CSF
1214,CSGP
1215,CSGS
1216,CSIQ
1217,CSLM
1218,CSLMR
1219,CSLMU
1220,CSLMW
1221,CSLR
1222,CSLRW
1223,CSML
1224,CSPI
1225,CSQ
1226,CSSE
1227,CSSEL
1228,CSSEN
1229,CSSEP
1230,CSTE
1231,CSTL
1232,CSTR
1233,CSWC
1234,CSWCZ
1235,CSWI
1236,CSX
1237,CTAS
1238,CTBI
1239,CTCX
1240,CTCXW
1241,CTEC
1242,CTG
1243,CTHR
1244,CTIB
1245,CTKB
1246,CTLP
1247,CTMX
1248,CTRM
1249,CTRN
1250,CTSH
1251,CTSO
1252,CTXR
1253,CUBA
1254,CUE
1255,CUEN
1256,CUENW
1257,CULL
1258,CURI
1259,CURIW
1260,CUTR
1261,CVAC
1262,CVBF
1263,CVCO
1264,CVCY
1265,CVGI
1266,CVGW
1267,CVKD
1268,CVLG
1269,CVLT
1270,CVLY
1271,CVRX
1272,CVV
1273,CWBC
1274,CWBR
1275,CWCO
1276,CWD
1277,CWST
1278,CXAI
1279,CXAIW
1280,CXDO
1281,CXSE
1282,CYAN
1283,CYBR
1284,CYCC
1285,CYCCP
1286,CYCN
1287,CYN
1288,CYRX
1289,CYT
1290,CYTH
1291,CYTHW
1292,CYTK
1293,CYTO
1294,CZFS
1295,CZNC
1296,CZR
1297,CZWI
1298,DADA
1299,DAIO
1300,DAKT
1301,DALI
1302,DALN
1303,DALS
1304,DAPP
1305,DARE
1306,DATS
1307,DATSW
1308,DAVE
1309,DAVEW
1310,DAWN
1311,DAX
1312,DBGI
1313,DBGIW
1314,DBTX
1315,DBVT
1316,DBX
1317,DCBO
1318,DCFC
1319,DCFCW
1320,DCGO
1321,DCOM
1322,DCOMP
1323,DCPH
1324,DCTH
1325,DDI
1326,DDIV
1327,DDOG
1328,DECA
1329,DECAU
1330,DECAW
1331,DEMZ
1332,DENN
1333,DERM
1334,DFFN
1335,DFLI
1336,DFLIW
1337,DGHI
1338,DGICA
1339,DGICB
1340,DGII
1341,DGLY
1342,DGRE
1343,DGRS
1344,DGRW
1345,DH
1346,DHAC
1347,DHACU
1348,DHACW
1349,DHC
1350,DHCA
1351,DHCAU
1352,DHCAW
1353,DHCNI
1354,DHCNL
1355,DHIL
1356,DIBS
1357,DICE
1358,DIOD
1359,DISAU
1360,DISAW
1361,DISH
1362,DIST
1363,DISTR
1364,DISTW
1365,DIVD
1366,DJCO
1367,DKDCA
1368,DKDCW
1369,DKNG
1370,DLHC
1371,DLO
1372,DLPN
1373,DLTH
1374,DLTR
1375,DMAC
1376,DMAQ
1377,DMAQR
1378,DMAT
1379,DMLP
1380,DMRC
1381,DMTK
1382,DMXF
1383,DNAB
1384,DNAD
1385,DNLI
1386,DNUT
1387,DOCU
1388,DOGZ
1389,DOMH
1390,DOMO
1391,DOOO
1392,DORM
1393,DOX
1394,DOYU
1395,DPCS
1396,DPCSU
1397,DPCSW
1398,DPRO
1399,DRCT
1400,DRCTW
1401,DRIO
1402,DRIV
1403,DRMA
1404,DRMAW
1405,DRRX
1406,DRS
1407,DRTS
1408,DRTSW
1409,DRTT
1410,DRUG
1411,DRVN
1412,DSEY
1413,DSGN
1414,DSGR
1415,DSGX
1416,DSKE
1417,DSP
1418,DSWL
1419,DTI
1420,DTIL
1421,DTOC
1422,DTOCW
1423,DTSS
1424,DTST
1425,DTSTW
1426,DUET
1427,DUETW
1428,DUNE
1429,DUNEU
1430,DUNEW
1431,DUO
1432,DUOL
1433,DUOT
1434,DVAL
1435,DVAX
1436,DVLU
1437,DVOL
1438,DVY
1439,DWAC
1440,DWACU
1441,DWACW
1442,DWAS
1443,DWAW
1444,DWMC
1445,DWSH
1446,DWSN
1447,DWUS
1448,DXCM
1449,DXGE
1450,DXJS
1451,DXLG
1452,DXPE
1453,DXR
1454,DXYN
1455,DYAI
1456,DYN
1457,DYNT
1458,DYTA
1459,DZSI
1460,EA
1461,EAC
1462,EACPU
1463,EACPW
1464,EAR
1465,EAST
1466,EBAY
1467,EBC
1468,EBET
1469,EBIX
1470,EBIZ
1471,EBMT
1472,EBON
1473,EBTC
1474,ECBK
1475,ECOR
1476,ECOW
1477,ECPG
1478,ECX
1479,ECXWW
1480,EDAP
1481,EDBL
1482,EDBLW
1483,EDIT
1484,EDOC
1485,EDRY
1486,EDSA
1487,EDTK
1488,EDTX
1489,EDTXU
1490,EDTXW
1491,EDUC
1492,EDUT
1493,EEFT
1494,EEIQ
1495,EEMA
1496,EFAS
1497,EFHT
1498,EFHTR
1499,EFHTW
1500,EFOI
1501,EFRA
1502,EFSC
1503,EFSCP
1504,EFTR
1505,EFTRW
1506,EGAN
1507,EGBN
1508,EGHT
1509,EGIO
1510,EGLX
1511,EGRX
1512,EH
1513,EHTH
1514,EIGR
1515,EJH
1516,EKG
1517,EKSO
1518,ELBM
1519,ELDN
1520,ELEV
1521,ELOX
1522,ELSE
1523,ELTK
1524,ELTX
1525,ELVA
1526,ELVN
1527,ELWS
1528,ELYM
1529,ELYS
1530,EM
1531,EMB
1532,EMBC
1533,EMBK
1534,EMBKW
1535,EMCB
1536,EMCG
1537,EMCGR
1538,EMCGU
1539,EMCGW
1540,EMIF
1541,EMKR
1542,EML
1543,EMLD
1544,EMLDU
1545,EMLDW
1546,EMXC
1547,EMXF
1548,ENCP
1549,ENCPU
1550,ENCPW
1551,ENER
1552,ENERR
1553,ENERU
1554,ENERW
1555,ENG
1556,ENLT
1557,ENLV
1558,ENOB
1559,ENPH
1560,ENSC
1561,ENSG
1562,ENTA
1563,ENTF
1564,ENTFU
1565,ENTFW
1566,ENTG
1567,ENTX
1568,ENVB
1569,ENVX
1570,ENZL
1571,EOLS
1572,EOSE
1573,EOSEW
1574,EPIX
1575,EPOW
1576,EPSN
1577,EQ
1578,EQIX
1579,EQRR
1580,EQRX
1581,EQRXW
1582,ERAS
1583,ERES
1584,ERESU
1585,ERESW
1586,ERET
1587,ERIC
1588,ERIE
1589,ERII
1590,ERNA
1591,ESAC
1592,ESACU
1593,ESACW
1594,ESCA
1595,ESEA
1596,ESGD
1597,ESGE
1598,ESGR
1599,ESGRO
1600,ESGRP
1601,ESGU
1602,ESHA
1603,ESHAR
1604,ESHAU
1605,ESLT
1606,ESMV
1607,ESOA
1608,ESPO
1609,ESPR
1610,ESQ
1611,ESSA
1612,ESTA
1613,ETAO
1614,ETEC
1615,ETNB
1616,ETON
1617,ETSY
1618,EUDA
1619,EUDAW
1620,EUFN
1621,EVAX
1622,EVBG
1623,EVCM
1624,EVER
1625,EVGN
1626,EVGO
1627,EVGOW
1628,EVGR
1629,EVGRU
1630,EVGRW
1631,EVLO
1632,EVLV
1633,EVLVW
1634,EVMT
1635,EVO
1636,EVOK
1637,EVRG
1638,EVTV
1639,EWBC
1640,EWCZ
1641,EWEB
1642,EWJV
1643,EWTX
1644,EWZS
1645,EXAI
1646,EXAS
1647,EXC
1648,EXEL
1649,EXFY
1650,EXLS
1651,EXPD
1652,EXPE
1653,EXPI
1654,EXPO
1655,EXTR
1656,EYE
1657,EYEN
1658,EYPT
1659,EZFL
1660,EZGO
1661,EZPW
1662,FA
1663,FAAR
1664,FAB
1665,FAD
1666,FALN
1667,FAMI
1668,FANG
1669,FANH
1670,FARM
1671,FARO
1672,FAST
1673,FAT
1674,FATBB
1675,FATBP
1676,FATBW
1677,FATE
1678,FATP
1679,FATPU
1680,FATPW
1681,FAZE
1682,FAZEW
1683,FBIO
1684,FBIOP
1685,FBIZ
1686,FBL
1687,FBMS
1688,FBNC
1689,FBOT
1690,FBRX
1691,FBZ
1692,FCA
1693,FCAL
1694,FCAP
1695,FCBC
1696,FCCO
1697,FCEF
1698,FCEL
1699,FCFS
1700,FCNCA
1701,FCNCO
1702,FCNCP
1703,FCUV
1704,FCVT
1705,FDBC
1706,FDCF
1707,FDFF
1708,FDIF
1709,FDIG
1710,FDMT
1711,FDNI
1712,FDT
1713,FDTS
1714,FDTX
1715,FDUS
1716,FEAM
1717,FEIM
1718,FELE
1719,FEM
1720,FEMB
1721,FEMS
1722,FEMY
1723,FENC
1724,FEP
1725,FEUZ
1726,FEX
1727,FEXD
1728,FEXDR
1729,FEXDW
1730,FFBC
1731,FFIC
1732,FFIE
1733,FFIEW
1734,FFIN
1735,FFIV
1736,FFNW
1737,FFWM
1738,FGBI
1739,FGBIP
1740,FGEN
1741,FGF
1742,FGFPP
1743,FGI
1744,FGIWW
1745,FGM
1746,FGMC
1747,FGMCU
1748,FGMCW
1749,FHB
1750,FHLT
1751,FHLTU
1752,FHLTW
1753,FHTX
1754,FIAC
1755,FIACU
1756,FIACW
1757,FIBK
1758,FICS
1759,FICV
1760,FICVU
1761,FICVW
1762,FID
1763,FINW
1764,FINX
1765,FIP
1766,FISI
1767,FITB
1768,FITBI
1769,FITBO
1770,FITBP
1771,FIVE
1772,FIVN
1773,FIVR
1774,FIXD
1775,FIXT
1776,FIXX
1777,FIZZ
1778,FJP
1779,FKU
1780,FKWL
1781,FLEX
1782,FLFV
1783,FLFVR
1784,FLFVU
1785,FLFVW
1786,FLGC
1787,FLGT
1788,FLIC
1789,FLJ
1790,FLL
1791,FLN
1792,FLNC
1793,FLNT
1794,FLUX
1795,FLWS
1796,FLXS
1797,FLYW
1798,FMAO
1799,FMB
1800,FMBH
1801,FMED
1802,FMET
1803,FMHI
1804,FMIV
1805,FMIVU
1806,FMIVW
1807,FMNB
1808,FNCB
1809,FNCH
1810,FNGR
1811,FNK
1812,FNKO
1813,FNLC
1814,FNVT
1815,FNVTU
1816,FNVTW
1817,FNWB
1818,FNWD
1819,FNX
1820,FNY
1821,FOCS
1822,FOLD
1823,FONR
1824,FORA
1825,FORD
1826,FORL
1827,FORLU
1828,FORLW
1829,FORM
1830,FORR
1831,FORTY
1832,FOSL
1833,FOSLL
1834,FOX
1835,FOXA
1836,FOXF
1837,FPA
1838,FPAY
1839,FPXE
1840,FPXI
1841,FRAF
1842,FRBA
1843,FRBK
1844,FRBN
1845,FRBNU
1846,FRBNW
1847,FREE
1848,FREEW
1849,FREQ
1850,FRES
1851,FRG
1852,FRGAP
1853,FRGI
1854,FRGT
1855,FRHC
1856,FRLA
1857,FRLAW
1858,FRLN
1859,FRME
1860,FRMEP
1861,FROG
1862,FRPH
1863,FRPT
1864,FRSH
1865,FRST
1866,FRSX
1867,FRTX
1868,FRZA
1869,FSBC
1870,FSBW
1871,FSEA
1872,FSFG
1873,FSLR
1874,FSRX
1875,FSRXU
1876,FSRXW
1877,FSTR
1878,FSV
1879,FSZ
1880,FTA
1881,FTAG
1882,FTAI
1883,FTAIM
1884,FTAIN
1885,FTAIO
1886,FTAIP
1887,FTC
1888,FTCI
1889,FTCS
1890,FTDR
1891,FTDS
1892,FTEK
1893,FTFT
1894,FTGC
1895,FTGS
1896,FTHI
1897,FTHM
1898,FTII
1899,FTIIU
1900,FTIIW
1901,FTNT
1902,FTQI
1903,FTRE
1904,FTREV
1905,FTRI
1906,FTSL
1907,FTSM
1908,FTXG
1909,FTXH
1910,FTXL
1911,FTXN
1912,FTXO
1913,FTXR
1914,FULC
1915,FULT
1916,FULTP
1917,FUNC
1918,FUND
1919,FUSB
1920,FUSN
1921,FUTU
1922,FUV
1923,FV
1924,FVC
1925,FVCB
1926,FWAC
1927,FWBI
1928,FWONA
1929,FWONK
1930,FWRD
1931,FWRG
1932,FXCO
1933,FXCOR
1934,FXCOW
1935,FXNC
1936,FYBR
1937,FYC
1938,FYT
1939,FYX
1940,GABC
1941,GAIA
1942,GAIN
1943,GAINL
1944,GAINN
1945,GAINZ
1946,GALT
1947,GAMB
1948,GAMC
1949,GAMCU
1950,GAMCW
1951,GAME
1952,GAN
1953,GANX
1954,GASS
1955,GATE
1956,GATEU
1957,GATEW
1958,GBBK
1959,GBBKR
1960,GBBKW
1961,GBDC
1962,GBIO
1963,GBNH
1964,GBNY
1965,GCBC
1966,GCMG
1967,GCMGW
1968,GCT
1969,GCTK
1970,GDC
1971,GDEN
1972,GDEV
1973,GDEVW
1974,GDHG
1975,GDNR
1976,GDNRU
1977,GDNRW
1978,GDRX
1979,GDS
1980,GDST
1981,GDSTR
1982,GDSTU
1983,GDSTW
1984,GDTC
1985,GDYN
1986,GECC
1987,GECCM
1988,GECCN
1989,GECCO
1990,GEG
1991,GEGGL
1992,GEHC
1993,GEN
1994,GENE
1995,GENK
1996,GENQ
1997,GENQU
1998,GENQW
1999,GENY
2000,GEOS
2001,GERN
2002,GEVO
2003,GFAI
2004,GFAIW
2005,GFGD
2006,GFGDR
2007,GFGDU
2008,GFGDW
2009,GFGF
2010,GFS
2011,GGAA
2012,GGAAU
2013,GGAAW
2014,GGAL
2015,GGE
2016,GGLL
2017,GGLS
2018,GGR
2019,GGROW
2020,GH
2021,GHIX
2022,GHIXU
2023,GHIXW
2024,GHRS
2025,GHSI
2026,GIA
2027,GIFI
2028,GIGM
2029,GIII
2030,GILD
2031,GILT
2032,GIPR
2033,GIPRW
2034,GLAD
2035,GLBE
2036,GLBS
2037,GLBZ
2038,GLDD
2039,GLDI
2040,GLG
2041,GLLI
2042,GLLIR
2043,GLLIU
2044,GLLIW
2045,GLMD
2046,GLNG
2047,GLPG
2048,GLPI
2049,GLRE
2050,GLSI
2051,GLST
2052,GLSTR
2053,GLSTU
2054,GLSTW
2055,GLTO
2056,GLUE
2057,GLYC
2058,GMAB
2059,GMBL
2060,GMBLP
2061,GMBLW
2062,GMBLZ
2063,GMDA
2064,GMFI
2065,GMFIW
2066,GMGI
2067,GMVD
2068,GMVDW
2069,GNFT
2070,GNLN
2071,GNLX
2072,GNMA
2073,GNOM
2074,GNPX
2075,GNSS
2076,GNTA
2077,GNTX
2078,GO
2079,GOCO
2080,GODN
2081,GODNR
2082,GODNU
2083,GOEV
2084,GOEVW
2085,GOGL
2086,GOGO
2087,GOOD
2088,GOODN
2089,GOODO
2090,GOOG
2091,GOOGL
2092,GOSS
2093,GOVX
2094,GOVXW
2095,GP
2096,GPAC
2097,GPACU
2098,GPACW
2099,GPCR
2100,GPP
2101,GPRE
2102,GPRO
2103,GRAB
2104,GRABW
2105,GRCL
2106,GREE
2107,GREEL
2108,GRFS
2109,GRI
2110,GRID
2111,GRIL
2112,GRIN
2113,GRNA
2114,GRNAW
2115,GRNQ
2116,GRNR
2117,GROM
2118,GROMW
2119,GROW
2120,GRPH
2121,GRPN
2122,GRRR
2123,GRRRW
2124,GRTS
2125,GRTX
2126,GRVY
2127,GRWG
2128,GSBC
2129,GSD
2130,GSDWU
2131,GSDWW
2132,GSHD
2133,GSIT
2134,GSM
2135,GSMG
2136,GSMGW
2137,GSRM
2138,GSRMR
2139,GSRMU
2140,GSRMW
2141,GSUN
2142,GT
2143,GTAC
2144,GTACU
2145,GTACW
2146,GTBP
2147,GTEC
2148,GTH
2149,GTHX
2150,GTIM
2151,GTLB
2152,GTR
2153,GTX
2154,GURE
2155,GVP
2156,GWAV
2157,GWRS
2158,GXTG
2159,GYRO
2160,HA
2161,HAFC
2162,HAIA
2163,HAIAU
2164,HAIAW
2165,HAIN
2166,HALL
2167,HALO
2168,HARP
2169,HAS
2170,HAYN
2171,HBAN
2172,HBANL
2173,HBANM
2174,HBANP
2175,HBCP
2176,HBIO
2177,HBNC
2178,HBT
2179,HCAT
2180,HCCI
2181,HCDI
2182,HCDIP
2183,HCDIW
2184,HCDIZ
2185,HCKT
2186,HCM
2187,HCMA
2188,HCMAU
2189,HCMAW
2190,HCP
2191,HCSG
2192,HCTI
2193,HCVI
2194,HCVIU
2195,HCVIW
2196,HCWB
2197,HDSN
2198,HEAR
2199,HEES
2200,HELE
2201,HEPA
2202,HEPS
2203,HERD
2204,HERO
2205,HEWG
2206,HFBL
2207,HFFG
2208,HFWA
2209,HGBL
2210,HGEN
2211,HHGC
2212,HHGCR
2213,HHGCU
2214,HHGCW
2215,HHRS
2216,HHRSW
2217,HHS
2218,HIBB
2219,HIFS
2220,HIHO
2221,HILS
2222,HIMX
2223,HISF
2224,HITI
2225,HIVE
2226,HKIT
2227,HLAL
2228,HLIT
2229,HLMN
2230,HLNE
2231,HLP
2232,HLTH
2233,HLVX
2234,HMAC
2235,HMACR
2236,HMACU
2237,HMACW
2238,HMNF
2239,HMPT
2240,HMST
2241,HNDL
2242,HNNA
2243,HNNAZ
2244,HNRG
2245,HNST
2246,HNVR
2247,HOFT
2248,HOFV
2249,HOFVW
2250,HOLI
2251,HOLO
2252,HOLOW
2253,HOLX
2254,HON
2255,HONE
2256,HOOD
2257,HOOK
2258,HOPE
2259,HOTH
2260,HOUR
2261,HOVNP
2262,HOWL
2263,HPCO
2264,HPK
2265,HPKEW
2266,HPLT
2267,HPLTU
2268,HPLTW
2269,HQI
2270,HQY
2271,HRMY
2272,HROW
2273,HROWL
2274,HROWM
2275,HRTX
2276,HRZN
2277,HSAI
2278,HSCS
2279,HSCSW
2280,HSDT
2281,HSIC
2282,HSII
2283,HSON
2284,HSPO
2285,HSPOR
2286,HSPOU
2287,HSPOW
2288,HST
2289,HSTM
2290,HSTO
2291,HTBI
2292,HTBK
2293,HTCR
2294,HTHT
2295,HTIA
2296,HTIBP
2297,HTLD
2298,HTLF
2299,HTLFP
2300,HTOO
2301,HTOOW
2302,HTZ
2303,HTZWW
2304,HUBC
2305,HUBCW
2306,HUBCZ
2307,HUBG
2308,HUDA
2309,HUDAR
2310,HUDAU
2311,HUDI
2312,HUGE
2313,HUIZ
2314,HUMA
2315,HUMAW
2316,HURC
2317,HURN
2318,HUT
2319,HWBK
2320,HWC
2321,HWCPZ
2322,HWEL
2323,HWELU
2324,HWELW
2325,HWKN
2326,HYDR
2327,HYFM
2328,HYLS
2329,HYMC
2330,HYMCL
2331,HYMCW
2332,HYPR
2333,HYW
2334,HYXF
2335,HYZD
2336,HYZN
2337,HYZNW
2338,HZNP
2339,IAC
2340,IART
2341,IAS
2342,IBB
2343,IBBQ
2344,IBCP
2345,IBET
2346,IBEX
2347,IBKR
2348,IBOC
2349,IBOT
2350,IBRX
2351,IBTD
2352,IBTE
2353,IBTF
2354,IBTG
2355,IBTH
2356,IBTI
2357,IBTJ
2358,IBTK
2359,IBTL
2360,IBTM
2361,IBTO
2362,IBTX
2363,ICAD
2364,ICCC
2365,ICCH
2366,ICCM
2367,ICFI
2368,ICG
2369,ICHR
2370,ICLK
2371,ICLN
2372,ICLR
2373,ICMB
2374,ICOP
2375,ICPT
2376,ICU
2377,ICUCW
2378,ICUI
2379,ICVX
2380,IDAI
2381,IDBA
2382,IDCC
2383,IDEX
2384,IDN
2385,IDXX
2386,IDYA
2387,IEF
2388,IEI
2389,IEP
2390,IESC
2391,IEUS
2392,IFBD
2393,IFGL
2394,IFRX
2395,IFV
2396,IGF
2397,IGIB
2398,IGIC
2399,IGICW
2400,IGMS
2401,IGOV
2402,IGSB
2403,IGTA
2404,IGTAR
2405,IGTAW
2406,IHRT
2407,IHYF
2408,III
2409,IIIV
2410,IINN
2411,IINNW
2412,IJT
2413,IKNA
2414,IKT
2415,ILAG
2416,ILIT
2417,ILLM
2418,ILMN
2419,ILPT
2420,IMAB
2421,IMACW
2422,IMAQ
2423,IMAQR
2424,IMAQU
2425,IMAQW
2426,IMBI
2427,IMBIL
2428,IMCC
2429,IMCR
2430,IMCV
2431,IMGN
2432,IMKTA
2433,IMMP
2434,IMMR
2435,IMMX
2436,IMNM
2437,IMNN
2438,IMOS
2439,IMPL
2440,IMPP
2441,IMPPP
2442,IMRN
2443,IMRX
2444,IMTE
2445,IMTX
2446,IMTXW
2447,IMUX
2448,IMVT
2449,IMXI
2450,INAB
2451,INAQ
2452,INAQU
2453,INAQW
2454,INBK
2455,INBKZ
2456,INBS
2457,INBX
2458,INCR
2459,INCY
2460,INDB
2461,INDI
2462,INDIW
2463,INDP
2464,INDV
2465,INDY
2466,INFI
2467,INFN
2468,INFR
2469,INGN
2470,INKT
2471,INM
2472,INMB
2473,INMD
2474,INNV
2475,INO
2476,INOD
2477,INPX
2478,INSE
2479,INSG
2480,INSM
2481,INTA
2482,INTC
2483,INTE
2484,INTEU
2485,INTEW
2486,INTG
2487,INTR
2488,INTS
2489,INTU
2490,INTZ
2491,INVA
2492,INVE
2493,INVO
2494,INVZ
2495,INVZW
2496,INZY
2497,IOAC
2498,IOACU
2499,IOACW
2500,IOBT
2501,IONM
2502,IONR
2503,IONS
2504,IOSP
2505,IOVA
2506,IPA
2507,IPAR
2508,IPDN
2509,IPGP
2510,IPHA
2511,IPKW
2512,IPSC
2513,IPW
2514,IPWR
2515,IPX
2516,IPXX
2517,IPXXU
2518,IPXXW
2519,IQ
2520,IRAA
2521,IRAAU
2522,IRAAW
2523,IRBT
2524,IRDM
2525,IREN
2526,IRIX
2527,IRMD
2528,IRON
2529,IROQ
2530,IRTC
2531,IRWD
2532,ISEE
2533,ISHG
2534,ISHP
2535,ISIG
2536,ISPC
2537,ISPO
2538,ISPOW
2539,ISPR
2540,ISRG
2541,ISRL
2542,ISRLU
2543,ISRLW
2544,ISSC
2545,ISTB
2546,ISTR
2547,ISUN
2548,ITAQ
2549,ITAQU
2550,ITAQW
2551,ITCI
2552,ITI
2553,ITIC
2554,ITOS
2555,ITRI
2556,ITRM
2557,ITRN
2558,IUS
2559,IUSB
2560,IUSG
2561,IUSV
2562,IVA
2563,IVAC
2564,IVCA
2565,IVCAU
2566,IVCAW
2567,IVCB
2568,IVCBU
2569,IVCBW
2570,IVCP
2571,IVCPU
2572,IVCPW
2573,IVDA
2574,IVDAW
2575,IVEG
2576,IVVD
2577,IWTR
2578,IXAQ
2579,IXAQU
2580,IXAQW
2581,IXHL
2582,IXUS
2583,IZEA
2584,IZM
2585,JACK
2586,JAGX
2587,JAKK
2588,JAMF
2589,JAN
2590,JANX
2591,JAQC
2592,JAQCU
2593,JAQCW
2594,JAZZ
2595,JBHT
2596,JBLU
2597,JBSS
2598,JCSE
2599,JCTCF
2600,JD
2601,JEPQ
2602,JEWL
2603,JFBR
2604,JFBRW
2605,JFIN
2606,JFU
2607,JG
2608,JGGC
2609,JGGCR
2610,JGGCU
2611,JGGCW
2612,JJSF
2613,JKHY
2614,JMSB
2615,JNVR
2616,JOAN
2617,JOET
2618,JOUT
2619,JRSH
2620,JRVR
2621,JSM
2622,JSMD
2623,JSML
2624,JSPR
2625,JSPRW
2626,JUPW
2627,JUPWW
2628,JVA
2629,JWEL
2630,JXJT
2631,JYD
2632,JYNT
2633,JZ
2634,JZXN
2635,KA
2636,KACL
2637,KACLR
2638,KACLW
2639,KALA
2640,KALU
2641,KALV
2642,KARO
2643,KAVL
2644,KBNT
2645,KBNTW
2646,KBWB
2647,KBWD
2648,KBWP
2649,KBWR
2650,KBWY
2651,KC
2652,KDNY
2653,KDP
2654,KE
2655,KEJI
2656,KELYA
2657,KELYB
2658,KEQU
2659,KERN
2660,KERNW
2661,KFFB
2662,KFRC
2663,KHC
2664,KIDS
2665,KINS
2666,KIRK
2667,KITT
2668,KITTW
2669,KLAC
2670,KLIC
2671,KLTR
2672,KLXE
2673,KMDA
2674,KNDI
2675,KNSA
2676,KNTE
2677,KOD
2678,KOPN
2679,KOSS
2680,KPLT
2681,KPLTW
2682,KPRX
2683,KPTI
2684,KRBP
2685,KRKR
2686,KRMA
2687,KRMD
2688,KRNL
2689,KRNLU
2690,KRNLW
2691,KRNT
2692,KRNY
2693,KRON
2694,KROP
2695,KROS
2696,KRT
2697,KRTX
2698,KRUS
2699,KRYS
2700,KSCP
2701,KTCC
2702,KTOS
2703,KTRA
2704,KTTA
2705,KTTAW
2706,KURA
2707,KVACU
2708,KVHI
2709,KVSA
2710,KWE
2711,KWESW
2712,KXIN
2713,KYCH
2714,KYCHR
2715,KYCHU
2716,KYCHW
2717,KYMR
2718,KZIA
2719,KZR
2720,LAB
2721,LABP
2722,LAES
2723,LAKE
2724,LAMR
2725,LANC
2726,LAND
2727,LANDM
2728,LANDO
2729,LANDP
2730,LARK
2731,LASE
2732,LASR
2733,LATG
2734,LATGU
2735,LATGW
2736,LAUR
2737,LAZR
2738,LAZY
2739,LBAI
2740,LBBB
2741,LBBBR
2742,LBBBU
2743,LBBBW
2744,LBC
2745,LBPH
2746,LBRDA
2747,LBRDK
2748,LBRDP
2749,LBTYA
2750,LBTYB
2751,LBTYK
2752,LCA
2753,LCAA
2754,LCAAU
2755,LCAAW
2756,LCAHU
2757,LCAHW
2758,LCFY
2759,LCFYW
2760,LCID
2761,LCNB
2762,LCUT
2763,LDEM
2764,LDSF
2765,LE
2766,LECO
2767,LEDS
2768,LEE
2769,LEGH
2770,LEGN
2771,LEGR
2772,LESL
2773,LEXX
2774,LEXXW
2775,LFAC
2776,LFACU
2777,LFACW
2778,LFCR
2779,LFLY
2780,LFLYW
2781,LFMD
2782,LFMDP
2783,LFST
2784,LFUS
2785,LFVN
2786,LGHL
2787,LGHLW
2788,LGIH
2789,LGMK
2790,LGND
2791,LGO
2792,LGST
2793,LGSTU
2794,LGSTW
2795,LGVC
2796,LGVCU
2797,LGVCW
2798,LGVN
2799,LI
2800,LIAN
2801,LIBY
2802,LIBYU
2803,LIBYW
2804,LICN
2805,LIDR
2806,LIDRW
2807,LIFE
2808,LIFW
2809,LIFWW
2810,LIFWZ
2811,LILA
2812,LILAK
2813,LILM
2814,LILMW
2815,LINC
2816,LIND
2817,LINK
2818,LIPO
2819,LIQT
2820,LITE
2821,LITM
2822,LITP
2823,LIVB
2824,LIVBW
2825,LIVE
2826,LIVN
2827,LIXT
2828,LIXTW
2829,LIZI
2830,LKCO
2831,LKFN
2832,LKQ
2833,LMAT
2834,LMB
2835,LMBS
2836,LMDX
2837,LMDXW
2838,LMFA
2839,LMNL
2840,LMNR
2841,LNKB
2842,LNSR
2843,LNT
2844,LNTH
2845,LNW
2846,LNZA
2847,LNZAW
2848,LOAN
2849,LOCO
2850,LOGI
2851,LOOP
2852,LOPE
2853,LOV
2854,LOVE
2855,LPCN
2856,LPLA
2857,LPRO
2858,LPSN
2859,LPTH
2860,LPTX
2861,LQDA
2862,LQDT
2863,LRCX
2864,LRFC
2865,LRGE
2866,LRMR
2867,LRND
2868,LSAK
2869,LSBK
2870,LSCC
2871,LSDI
2872,LSEA
2873,LSEAW
2874,LSTA
2875,LSTR
2876,LSXMA
2877,LSXMB
2878,LSXMK
2879,LTBR
2880,LTCH
2881,LTCHW
2882,LTRN
2883,LTRPA
2884,LTRPB
2885,LTRX
2886,LTRY
2887,LTRYW
2888,LUCD
2889,LUCY
2890,LUCYW
2891,LULU
2892,LUMO
2893,LUNA
2894,LUNG
2895,LUNR
2896,LUNRW
2897,LUXH
2898,LVHD
2899,LVLU
2900,LVO
2901,LVOX
2902,LVOXU
2903,LVOXW
2904,LVRO
2905,LVROW
2906,LVTX
2907,LWAY
2908,LWLG
2909,LX
2910,LXEH
2911,LXRX
2912,LYEL
2913,LYFT
2914,LYRA
2915,LYT
2916,LYTS
2917,LZ
2918,LZRD
2919,MACA
2920,MACAU
2921,MACAW
2922,MACK
2923,MANH
2924,MAPS
2925,MAPSW
2926,MAQC
2927,MAQCU
2928,MAQCW
2929,MAR
2930,MARA
2931,MARK
2932,MARPS
2933,MARX
2934,MARXR
2935,MARXU
2936,MASI
2937,MASS
2938,MAT
2939,MATH
2940,MATW
2941,MAXI
2942,MAXN
2943,MAYS
2944,MBB
2945,MBCN
2946,MBIN
2947,MBINM
2948,MBINN
2949,MBINO
2950,MBINP
2951,MBIO
2952,MBLY
2953,MBNKP
2954,MBOT
2955,MBRX
2956,MBTC
2957,MBTCR
2958,MBTCU
2959,MBUU
2960,MBWM
2961,MCAA
2962,MCAAU
2963,MCAAW
2964,MCAC
2965,MCACR
2966,MCACU
2967,MCACW
2968,MCAF
2969,MCAFR
2970,MCAG
2971,MCAGR
2972,MCBC
2973,MCBS
2974,MCFT
2975,MCHI
2976,MCHP
2977,MCHX
2978,MCLD
2979,MCLDP
2980,MCLDW
2981,MCOM
2982,MCOMW
2983,MCRB
2984,MCRI
2985,MCSE
2986,MCVT
2987,MDB
2988,MDCP
2989,MDGL
2990,MDGS
2991,MDGSW
2992,MDIA
2993,MDIV
2994,MDJH
2995,MDLZ
2996,MDNA
2997,MDRR
2998,MDRRP
2999,MDRX
3000,MDVL
3001,MDWD
3002,MDWT
3003,MDXG
3004,MDXH
3005,ME
3006,MEDP
3007,MEDS
3008,MEDX
3009,MEGL
3010,MEIP
3011,MELI
3012,MEOH
3013,MERC
3014,MESA
3015,MESO
3016,META
3017,METC
3018,METCB
3019,METCL
3020,METX
3021,METXW
3022,MF
3023,MFH
3024,MFIC
3025,MFIN
3026,MFLX
3027,MGAM
3028,MGEE
3029,MGIC
3030,MGIH
3031,MGNI
3032,MGNX
3033,MGOL
3034,MGPI
3035,MGRC
3036,MGRM
3037,MGRX
3038,MGTA
3039,MGTX
3040,MGYR
3041,MHLD
3042,MHUA
3043,MICS
3044,MIDD
3045,MIGI
3046,MILN
3047,MIND
3048,MINDP
3049,MINM
3050,MIRM
3051,MIRO
3052,MIST
3053,MITA
3054,MITAU
3055,MITAW
3056,MITK
3057,MKAM
3058,MKSI
3059,MKTW
3060,MKTX
3061,MKUL
3062,MLAB
3063,MLCO
3064,MLEC
3065,MLECW
3066,MLGO
3067,MLKN
3068,MLTX
3069,MLVF
3070,MLYS
3071,MMAT
3072,MMLP
3073,MMMB
3074,MMSI
3075,MMV
3076,MMVWW
3077,MMYT
3078,MNDO
3079,MNDY
3080,MNKD
3081,MNMD
3082,MNOV
3083,MNPR
3084,MNRO
3085,MNSB
3086,MNSBP
3087,MNST
3088,MNTK
3089,MNTS
3090,MNTSW
3091,MNTX
3092,MOB
3093,MOBBW
3094,MOBQ
3095,MOBQW
3096,MOBV
3097,MOBVU
3098,MOBVW
3099,MODD
3100,MODL
3101,MODV
3102,MOFG
3103,MOGO
3104,MOLN
3105,MOMO
3106,MOND
3107,MOR
3108,MORF
3109,MORN
3110,MOTS
3111,MOVE
3112,MOXC
3113,MPAA
3114,MPB
3115,MPRA
3116,MPRAU
3117,MPRAW
3118,MPWR
3119,MQ
3120,MRAI
3121,MRAM
3122,MRBK
3123,MRCC
3124,MRCY
3125,MREO
3126,MRIN
3127,MRKR
3128,MRM
3129,MRNA
3130,MRND
3131,MRNS
3132,MRSN
3133,MRTN
3134,MRTX
3135,MRUS
3136,MRVI
3137,MRVL
3138,MSBI
3139,MSBIP
3140,MSEX
3141,MSFD
3142,MSFT
3143,MSFU
3144,MSGM
3145,MSSA
3146,MSSAR
3147,MSSAU
3148,MSSAW
3149,MSTR
3150,MSVB
3151,MTAC
3152,MTACU
3153,MTACW
3154,MTC
3155,MTCH
3156,MTEK
3157,MTEKW
3158,MTEM
3159,MTEX
3160,MTLS
3161,MTRX
3162,MTRY
3163,MTRYU
3164,MTRYW
3165,MTSI
3166,MTTR
3167,MU
3168,MULN
3169,MURF
3170,MURFU
3171,MURFW
3172,MVBF
3173,MVIS
3174,MVLA
3175,MVLAW
3176,MVST
3177,MVSTW
3178,MXCT
3179,MXL
3180,MYFW
3181,MYGN
3182,MYMD
3183,MYNA
3184,MYNZ
3185,MYPS
3186,MYPSW
3187,MYRG
3188,MYSZ
3189,
3190,NAAS
3191,NAII
3192,NAMS
3193,NAMSW
3194,NAOV
3195,NARI
3196,NATH
3197,NATI
3198,NATR
3199,NAUT
3200,NAVI
3201,NB
3202,NBIX
3203,NBN
3204,NBRV
3205,NBSE
3206,NBST
3207,NBSTU
3208,NBSTW
3209,NBTB
3210,NBTX
3211,NCAC
3212,NCACU
3213,NCACW
3214,NCMI
3215,NCNA
3216,NCNO
3217,NCPL
3218,NCPLW
3219,NCRA
3220,NCSM
3221,NCTY
3222,NDAQ
3223,NDLS
3224,NDRA
3225,NDSN
3226,NECB
3227,NEGG
3228,NEO
3229,NEOG
3230,NEON
3231,NEOV
3232,NEOVW
3233,NEPH
3234,NEPT
3235,NERV
3236,NETDU
3237,NEWT
3238,NEWTL
3239,NEWTZ
3240,NEXI
3241,NEXT
3242,NFBK
3243,NFE
3244,NFLX
3245,NFTG
3246,NFTY
3247,NGM
3248,NGMS
3249,NHTC
3250,NICE
3251,NICK
3252,NIKL
3253,NIOBW
3254,NIR
3255,NIRWW
3256,NISN
3257,NIU
3258,NKLA
3259,NKSH
3260,NKTR
3261,NKTX
3262,NLSP
3263,NLSPW
3264,NLTX
3265,NMFC
3266,NMIH
3267,NMRD
3268,NMRK
3269,NMTC
3270,NMTR
3271,NN
3272,NNAVW
3273,NNBR
3274,NNDM
3275,NNOX
3276,NODK
3277,NOGN
3278,NOGNW
3279,NOTV
3280,NOVN
3281,NOVT
3282,NOVV
3283,NOVVR
3284,NOVVU
3285,NOVVW
3286,NPAB
3287,NPABW
3288,NPCE
3289,NRAC
3290,NRACU
3291,NRACW
3292,NRBO
3293,NRC
3294,NRDS
3295,NRIM
3296,NRIX
3297,NRSN
3298,NRSNW
3299,NRXP
3300,NRXPW
3301,NSIT
3302,NSPR
3303,NSSC
3304,NSTG
3305,NSTS
3306,NSYS
3307,NTAP
3308,NTCT
3309,NTES
3310,NTGR
3311,NTIC
3312,NTLA
3313,NTNX
3314,NTRA
3315,NTRB
3316,NTRBW
3317,NTRS
3318,NTRSO
3319,NTWK
3320,NTZG
3321,NUBI
3322,NUBIU
3323,NUBIW
3324,NURO
3325,NUTX
3326,NUVA
3327,NUVL
3328,NUWE
3329,NUZE
3330,NVAC
3331,NVACR
3332,NVACW
3333,NVAX
3334,NVCR
3335,NVCT
3336,NVDA
3337,NVDL
3338,NVDS
3339,NVEC
3340,NVEE
3341,NVEI
3342,NVFY
3343,NVIV
3344,NVMI
3345,NVNO
3346,NVOS
3347,NVTS
3348,NVVE
3349,NVVEW
3350,NVX
3351,NWBI
3352,NWE
3353,NWFL
3354,NWL
3355,NWLI
3356,NWPX
3357,NWS
3358,NWSA
3359,NWTN
3360,NWTNW
3361,NXGL
3362,NXGLW
3363,NXGN
3364,NXL
3365,NXLIW
3366,NXPI
3367,NXPL
3368,NXPLW
3369,NXST
3370,NXT
3371,NXTC
3372,NXTG
3373,NXTP
3374,NXU
3375,NYAX
3376,NYMT
3377,NYMTL
3378,NYMTM
3379,NYMTN
3380,NYMTZ
3381,NYMX
3382,NYXH
3383,NZAC
3384,NZRO
3385,NZUS
3386,OABI
3387,OABIW
3388,OAKU
3389,OAKUR
3390,OAKUU
3391,OAKUW
3392,OB
3393,OBIL
3394,OBIO
3395,OBLG
3396,OBT
3397,OCAX
3398,OCAXU
3399,OCAXW
3400,OCC
3401,OCCI
3402,OCCIN
3403,OCCIO
3404,OCEA
3405,OCEAW
3406,OCFC
3407,OCFCP
3408,OCG
3409,OCGN
3410,OCS
3411,OCSAW
3412,OCSL
3413,OCTO
3414,OCUL
3415,OCUP
3416,OCX
3417,ODD
3418,ODDS
3419,ODFL
3420,ODP
3421,ODVWW
3422,OESX
3423,OFED
3424,OFIX
3425,OFLX
3426,OFS
3427,OFSSH
3428,OGI
3429,OHAA
3430,OHAAU
3431,OHAAW
3432,OIG
3433,OKTA
3434,OKYO
3435,OLB
3436,OLED
3437,OLIT
3438,OLITU
3439,OLITW
3440,OLK
3441,OLLI
3442,OLMA
3443,OLPX
3444,OM
3445,OMAB
3446,OMCL
3447,OMER
3448,OMEX
3449,OMGA
3450,OMH
3451,OMIC
3452,OMQS
3453,ON
3454,ONB
3455,ONBPO
3456,ONBPP
3457,ONCT
3458,ONCY
3459,ONDS
3460,ONEQ
3461,ONEW
3462,ONFO
3463,ONFOW
3464,ONTX
3465,ONVO
3466,ONYX
3467,ONYXU
3468,ONYXW
3469,OP
3470,OPAL
3471,OPBK
3472,OPCH
3473,OPEN
3474,OPGN
3475,OPHC
3476,OPI
3477,OPINL
3478,OPK
3479,OPOF
3480,OPRA
3481,OPRT
3482,OPRX
3483,OPT
3484,OPTN
3485,OPXS
3486,ORGN
3487,ORGNW
3488,ORGO
3489,ORGS
3490,ORIC
3491,ORLY
3492,ORMP
3493,ORRF
3494,ORTX
3495,OSA
3496,OSAAW
3497,OSBC
3498,OSIS
3499,OSPN
3500,OSS
3501,OST
3502,OSTK
3503,OSUR
3504,OSW
3505,OTEC
3506,OTECW
3507,OTEX
3508,OTLK
3509,OTLY
3510,OTMO
3511,OTMOW
3512,OTRK
3513,OTRKP
3514,OTTR
3515,OVBC
3516,OVID
3517,OVLY
3518,OXAC
3519,OXACU
3520,OXACW
3521,OXBR
3522,OXBRW
3523,OXLC
3524,OXLCL
3525,OXLCM
3526,OXLCN
3527,OXLCO
3528,OXLCP
3529,OXLCZ
3530,OXSQ
3531,OXSQG
3532,OXSQL
3533,OXSQZ
3534,OXUS
3535,OXUSU
3536,OXUSW
3537,OZK
3538,OZKAP
3539,PAA
3540,PABU
3541,PACB
3542,PACW
3543,PACWP
3544,PAGP
3545,PAHC
3546,PALI
3547,PALT
3548,PANL
3549,PANW
3550,PARA
3551,PARAA
3552,PARAP
3553,PASG
3554,PATI
3555,PATK
3556,PAVM
3557,PAVMZ
3558,PAVS
3559,PAX
3560,PAYO
3561,PAYOW
3562,PAYS
3563,PAYX
3564,PBAX
3565,PBAXU
3566,PBAXW
3567,PBBK
3568,PBFS
3569,PBHC
3570,PBLA
3571,PBPB
3572,PBTS
3573,PBYI
3574,PCAR
3575,PCB
3576,PCCT
3577,PCCTW
3578,PCH
3579,PCRX
3580,PCSA
3581,PCT
3582,PCTI
3583,PCTTU
3584,PCTTW
3585,PCTY
3586,PCVX
3587,PCYG
3588,PCYO
3589,PDBA
3590,PDBC
3591,PDCE
3592,PDCO
3593,PDD
3594,PDEX
3595,PDFS
3596,PDLB
3597,PDP
3598,PDSB
3599,PEBK
3600,PEBO
3601,PECO
3602,PEGA
3603,PEGR
3604,PEGRU
3605,PEGRW
3606,PEGY
3607,PENN
3608,PEP
3609,PEPG
3610,PEPL
3611,PEPLU
3612,PEPLW
3613,PERI
3614,PESI
3615,PET
3616,PETQ
3617,PETS
3618,PETV
3619,PETVW
3620,PETWW
3621,PETZ
3622,PEV
3623,PEY
3624,PEZ
3625,PFBC
3626,PFC
3627,PFF
3628,PFG
3629,PFI
3630,PFIE
3631,PFIN
3632,PFIS
3633,PFM
3634,PFMT
3635,PFSW
3636,PFTA
3637,PFTAU
3638,PFTAW
3639,PFX
3640,PFXNZ
3641,PGC
3642,PGEN
3643,PGJ
3644,PGNY
3645,PGY
3646,PGYWW
3647,PHAR
3648,PHAT
3649,PHIO
3650,PHO
3651,PHUN
3652,PHUNW
3653,PHVS
3654,PHXM
3655,PI
3656,PID
3657,PIE
3658,PIII
3659,PIIIW
3660,PIK
3661,PINC
3662,PIO
3663,PIRS
3664,PIXY
3665,PIZ
3666,PKBK
3667,PKOH
3668,PKW
3669,PLAB
3670,PLAO
3671,PLAOU
3672,PLAOW
3673,PLAY
3674,PLBC
3675,PLBY
3676,PLCE
3677,PLL
3678,PLMI
3679,PLMIU
3680,PLMIW
3681,PLMR
3682,PLPC
3683,PLRX
3684,PLSE
3685,PLTK
3686,PLTN
3687,PLTNR
3688,PLTNU
3689,PLTNW
3690,PLUG
3691,PLUR
3692,PLUS
3693,PLW
3694,PLXS
3695,PLYA
3696,PMCB
3697,PMD
3698,PMGM
3699,PMGMU
3700,PMGMW
3701,PMN
3702,PMTS
3703,PMVP
3704,PNAC
3705,PNACR
3706,PNACU
3707,PNACW
3708,PNBK
3709,PNFP
3710,PNFPP
3711,PNQI
3712,PNRG
3713,PNT
3714,PNTG
3715,POAI
3716,POCI
3717,PODD
3718,POET
3719,POLA
3720,POOL
3721,POTX
3722,POWI
3723,POWL
3724,POWW
3725,POWWP
3726,PPBI
3727,PPBT
3728,PPC
3729,PPH
3730,PPHP
3731,PPHPR
3732,PPHPU
3733,PPHPW
3734,PPIH
3735,PPSI
3736,PPTA
3737,PPYA
3738,PPYAU
3739,PPYAW
3740,PRAA
3741,PRAX
3742,PRCH
3743,PRCT
3744,PRDO
3745,PRDS
3746,PRE
3747,PRENW
3748,PRFT
3749,PRFX
3750,PRFZ
3751,PRGS
3752,PRLD
3753,PRLH
3754,PRLHU
3755,PRLHW
3756,PRME
3757,PRN
3758,PROC
3759,PROCW
3760,PROF
3761,PROK
3762,PROV
3763,PRPH
3764,PRPL
3765,PRPO
3766,PRQR
3767,PRSO
3768,PRSR
3769,PRSRU
3770,PRSRW
3771,PRST
3772,PRSTW
3773,PRTA
3774,PRTC
3775,PRTG
3776,PRTH
3777,PRTK
3778,PRTS
3779,PRVA
3780,PRVT
3781,PRZO
3782,PSC
3783,PSCC
3784,PSCD
3785,PSCE
3786,PSCF
3787,PSCH
3788,PSCI
3789,PSCM
3790,PSCT
3791,PSCU
3792,PSEC
3793,PSET
3794,PSHG
3795,PSL
3796,PSMT
3797,PSNL
3798,PSNY
3799,PSNYW
3800,PSTV
3801,PSTX
3802,PSWD
3803,PT
3804,PTC
3805,PTCT
3806,PTEC
3807,PTEN
3808,PTF
3809,PTGX
3810,PTH
3811,PTHR
3812,PTHRU
3813,PTHRW
3814,PTIX
3815,PTIXW
3816,PTLO
3817,PTMN
3818,PTNQ
3819,PTON
3820,PTPI
3821,PTRA
3822,PTRS
3823,PTSI
3824,PTVE
3825,PTWO
3826,PTWOU
3827,PTWOW
3828,PUBM
3829,PUCK
3830,PUCKU
3831,PUCKW
3832,PUI
3833,PULM
3834,PUYI
3835,PVBC
3836,PWFL
3837,PWM
3838,PWOD
3839,PWP
3840,PWUP
3841,PWUPU
3842,PWUPW
3843,PXI
3844,PXLW
3845,PXMD
3846,PXS
3847,PXSAP
3848,PXSAW
3849,PY
3850,PYCR
3851,PYPD
3852,PYPL
3853,PYPT
3854,PYR
3855,PYXS
3856,PYZ
3857,PZZA
3858,QABA
3859,QAT
3860,QCLN
3861,QCLR
3862,QCOM
3863,QCRH
3864,QDEL
3865,QDRO
3866,QDROU
3867,QDROW
3868,QFIN
3869,QH
3870,QIPT
3871,QLGN
3872,QLI
3873,QLYS
3874,QMCO
3875,QNCX
3876,QNRX
3877,QNST
3878,QOMO
3879,QOMOR
3880,QOMOU
3881,QOMOW
3882,QQEW
3883,QQJG
3884,QQMG
3885,QQQ
3886,QQQA
3887,QQQE
3888,QQQJ
3889,QQQM
3890,QQQN
3891,QQQS
3892,QQQX
3893,QQXT
3894,QRHC
3895,QRMI
3896,QRTEA
3897,QRTEB
3898,QRTEP
3899,QRVO
3900,QSG
3901,QSI
3902,QSIAW
3903,QTEC
3904,QTR
3905,QTRX
3906,QUBT
3907,QUIK
3908,QURE
3909,QYLD
3910,QYLE
3911,QYLG
3912,RADI
3913,RAIL
3914,RAIN
3915,RAND
3916,RANI
3917,RAPT
3918,RARE
3919,RAVE
3920,RAYA
3921,RAYS
3922,RBB
3923,RBBN
3924,RBCAA
3925,RBKB
3926,RCAC
3927,RCACU
3928,RCACW
3929,RCAT
3930,RCEL
3931,RCKT
3932,RCKTW
3933,RCKY
3934,RCLF
3935,RCLFU
3936,RCLFW
3937,RCM
3938,RCMT
3939,RCON
3940,RCRT
3941,RCRTW
3942,RDCM
3943,RDFN
3944,RDHL
3945,RDI
3946,RDIB
3947,RDNT
3948,RDVT
3949,RDVY
3950,RDWR
3951,REAL
3952,REAX
3953,REBN
3954,REE
3955,REFI
3956,REFR
3957,REG
3958,REGN
3959,REIT
3960,REKR
3961,RELI
3962,RELIW
3963,RELL
3964,RELY
3965,RENE
3966,RENEU
3967,RENEW
3968,RENT
3969,REPL
3970,RETA
3971,RETO
3972,REUN
3973,REVB
3974,REVBW
3975,REYN
3976,RFAC
3977,RFACR
3978,RFACU
3979,RFACW
3980,RFDI
3981,RFEM
3982,RFEU
3983,RFIL
3984,RGC
3985,RGCO
3986,RGEN
3987,RGF
3988,RGLD
3989,RGLS
3990,RGNX
3991,RGP
3992,RGTI
3993,RGTIW
3994,RIBT
3995,RICK
3996,RIDE
3997,RIGL
3998,RILY
3999,RILYG
4000,RILYK
4001,RILYL
4002,RILYM
4003,RILYN
4004,RILYO
4005,RILYP
4006,RILYT
4007,RILYZ
4008,RING
4009,RIOT
4010,RIVN
4011,RKDA
4012,RKLB
4013,RLAY
4014,RLMD
4015,RLYB
4016,RMBI
4017,RMBL
4018,RMBS
4019,RMCF
4020,RMGC
4021,RMGCU
4022,RMGCW
4023,RMNI
4024,RMR
4025,RMTI
4026,RNA
4027,RNAZ
4028,RNDV
4029,RNEM
4030,RNEW
4031,RNLC
4032,RNLX
4033,RNMC
4034,RNRG
4035,RNSC
4036,RNST
4037,RNW
4038,RNWWW
4039,RNXT
4040,ROAD
4041,ROBT
4042,ROCK
4043,ROCL
4044,ROCLU
4045,ROCLW
4046,ROIC
4047,ROIV
4048,ROIVW
4049,ROKU
4050,ROOT
4051,ROP
4052,ROSE
4053,ROSEU
4054,ROSEW
4055,ROST
4056,ROVR
4057,RPAY
4058,RPD
4059,RPHM
4060,RPID
4061,RPRX
4062,RPTX
4063,RRBI
4064,RRGB
4065,RRR
4066,RSLS
4067,RSSS
4068,RSVR
4069,RSVRW
4070,RTC
4071,RTH
4072,RTL
4073,RTLPO
4074,RTLPP
4075,RUM
4076,RUMBW
4077,RUN
4078,RUNN
4079,RUSHA
4080,RUSHB
4081,RVLP
4082,RVMD
4083,RVNC
4084,RVPH
4085,RVPHW
4086,RVSB
4087,RVSN
4088,RVSNW
4089,RVYL
4090,RWAY
4091,RWAYL
4092,RWAYZ
4093,RWLK
4094,RWOD
4095,RWODR
4096,RWODU
4097,RWODW
4098,RXRX
4099,RXST
4100,RXT
4101,RYAAY
4102,RYTM
4103,RZLT
4104,SABR
4105,SABRP
4106,SABS
4107,SABSW
4108,SAFT
4109,SAGA
4110,SAGAR
4111,SAGE
4112,SAI
4113,SAIA
4114,SAITW
4115,SAL
4116,SALM
4117,SAMA
4118,SAMAU
4119,SAMG
4120,SANA
4121,SANG
4122,SANM
4123,SANW
4124,SARK
4125,SASI
4126,SASR
4127,SATL
4128,SATLW
4129,SATS
4130,SAVA
4131,SBAC
4132,SBCF
4133,SBET
4134,SBFG
4135,SBFM
4136,SBFMW
4137,SBGI
4138,SBIG
4139,SBIGW
4140,SBLK
4141,SBRA
4142,SBSI
4143,SBT
4144,SBUX
4145,SCAQ
4146,SCAQW
4147,SCHL
4148,SCHN
4149,SCKT
4150,SCLX
4151,SCLXW
4152,SCOR
4153,SCPH
4154,SCPL
4155,SCRM
4156,SCRMU
4157,SCRMW
4158,SCSC
4159,SCTL
4160,SCVL
4161,SCWO
4162,SCWX
4163,SCYX
4164,SCZ
4165,SDA
4166,SDAC
4167,SDACU
4168,SDACW
4169,SDAWW
4170,SDC
4171,SDG
4172,SDGR
4173,SDIG
4174,SDOT
4175,SDSI
4176,SDVY
4177,SEAC
4178,SEAT
4179,SEATW
4180,SECO
4181,SEDG
4182,SEED
4183,SEEL
4184,SEER
4185,SEIC
4186,SELB
4187,SELF
4188,SENEA
4189,SENEB
4190,SEPA
4191,SEPAU
4192,SEPAW
4193,SERA
4194,SETM
4195,SEV
4196,SEVN
4197,SFBC
4198,SFE
4199,SFIX
4200,SFM
4201,SFNC
4202,SFR
4203,SFRWW
4204,SFST
4205,SFT
4206,SFWL
4207,SGA
4208,SGBX
4209,SGC
4210,SGEN
4211,SGH
4212,SGHT
4213,SGII
4214,SGIIU
4215,SGIIW
4216,SGLY
4217,SGMA
4218,SGML
4219,SGMO
4220,SGMT
4221,SGRP
4222,SGRY
4223,SGTX
4224,SHBI
4225,SHC
4226,SHCR
4227,SHCRW
4228,SHEN
4229,SHFS
4230,SHFSW
4231,SHIP
4232,SHLS
4233,SHLT
4234,SHOO
4235,SHPH
4236,SHUA
4237,SHUAU
4238,SHUAW
4239,SHV
4240,SHY
4241,SHYF
4242,SIBN
4243,SIDU
4244,SIEB
4245,SIEN
4246,SIFY
4247,SIGA
4248,SIGI
4249,SIGIP
4250,SILC
4251,SILK
4252,SILO
4253,SIMO
4254,SINT
4255,SIRI
4256,SISI
4257,SITM
4258,SJ
4259,SKGR
4260,SKGRW
4261,SKIN
4262,SKOR
4263,SKWD
4264,SKYT
4265,SKYU
4266,SKYW
4267,SKYX
4268,SKYY
4269,SLAB
4270,SLAC
4271,SLACU
4272,SLACW
4273,SLAM
4274,SLAMU
4275,SLAMW
4276,SLDB
4277,SLDP
4278,SLDPW
4279,SLGC
4280,SLGCW
4281,SLGG
4282,SLGL
4283,SLM
4284,SLMBP
4285,SLN
4286,SLNA
4287,SLNAW
4288,SLNG
4289,SLNH
4290,SLNHP
4291,SLNO
4292,SLP
4293,SLQD
4294,SLRC
4295,SLRN
4296,SLRX
4297,SLS
4298,SLVO
4299,SLVR
4300,SLVRU
4301,SLVRW
4302,SMAP
4303,SMAPU
4304,SMAPW
4305,SMBC
4306,SMBK
4307,SMCI
4308,SMCP
4309,SMFL
4310,SMH
4311,SMID
4312,SMLR
4313,SMMF
4314,SMMT
4315,SMPL
4316,SMSI
4317,SMTC
4318,SMTI
4319,SMX
4320,SMXWW
4321,SNAL
4322,SNAX
4323,SNAXW
4324,SNBR
4325,SNCE
4326,SNCR
4327,SNCRL
4328,SNCY
4329,SND
4330,SNDL
4331,SNDX
4332,SNES
4333,SNEX
4334,SNFCA
4335,SNGX
4336,SNLN
4337,SNOA
4338,SNPO
4339,SNPS
4340,SNPX
4341,SNSE
4342,SNSR
4343,SNT
4344,SNTG
4345,SNTI
4346,SNY
4347,SOBR
4348,SOCL
4349,SOFI
4350,SOFO
4351,SOHO
4352,SOHOB
4353,SOHON
4354,SOHOO
4355,SOHU
4356,SOLO
4357,SOLOW
4358,SOND
4359,SONDW
4360,SONM
4361,SONN
4362,SONO
4363,SOPA
4364,SOPH
4365,SOTK
4366,SOUN
4367,SOUNW
4368,SOVO
4369,SOXQ
4370,SOXX
4371,SP
4372,SPAQ
4373,SPBC
4374,SPC
4375,SPCB
4376,SPCX
4377,SPFI
4378,SPI
4379,SPLK
4380,SPNS
4381,SPOK
4382,SPPI
4383,SPRB
4384,SPRC
4385,SPRO
4386,SPRX
4387,SPRY
4388,SPSC
4389,SPT
4390,SPTN
4391,SPWH
4392,SPWR
4393,SQFT
4394,SQFTP
4395,SQFTW
4396,SQL
4397,SQLLW
4398,SQLV
4399,SQQQ
4400,SRAD
4401,SRCE
4402,SRCL
4403,SRDX
4404,SRET
4405,SRGA
4406,SRPT
4407,SRRK
4408,SRTS
4409,SRZN
4410,SRZNW
4411,SSB
4412,SSBI
4413,SSBK
4414,SSIC
4415,SSKN
4416,SSNC
4417,SSNT
4418,SSP
4419,SSRM
4420,SSSS
4421,SSSSL
4422,SSTI
4423,SSYS
4424,STAA
4425,STAF
4426,STBA
4427,STBX
4428,STCN
4429,STEP
4430,STER
4431,STGW
4432,STHO
4433,STIM
4434,STIX
4435,STIXW
4436,STKH
4437,STKL
4438,STKS
4439,STLD
4440,STNE
4441,STOK
4442,STRA
4443,STRC
4444,STRCW
4445,STRL
4446,STRM
4447,STRO
4448,STRR
4449,STRRP
4450,STRS
4451,STRT
4452,STSS
4453,STSSW
4454,STTK
4455,STX
4456,STXD
4457,STXG
4458,STXK
4459,STXV
4460,SUNW
4461,SUPN
4462,SURF
4463,SURG
4464,SURGW
4465,SUSB
4466,SUSC
4467,SUSL
4468,SVC
4469,SVFD
4470,SVII
4471,SVIIR
4472,SVIIU
4473,SVIIW
4474,SVRA
4475,SVRE
4476,SVREW
4477,SVVC
4478,SWAG
4479,SWAGW
4480,SWAV
4481,SWBI
4482,SWIM
4483,SWKH
4484,SWKS
4485,SWSS
4486,SWSSU
4487,SWSSW
4488,SWTX
4489,SWVL
4490,SWVLW
4491,SXTC
4492,SXTP
4493,SXTPW
4494,SY
4495,SYBT
4496,SYBX
4497,SYM
4498,SYNA
4499,SYNH
4500,SYPR
4501,SYRS
4502,SYT
4503,SYTA
4504,SYTAW
4505,SZZL
4506,SZZLU
4507,SZZLW
4508,TACT
4509,TAIT
4510,TALK
4511,TALKW
4512,TALS
4513,TANH
4514,TAOP
4515,TARA
4516,TARK
4517,TARS
4518,TASK
4519,TAST
4520,TATT
4521,TAYD
4522,TBBK
4523,TBCP
4524,TBCPU
4525,TBCPW
4526,TBIL
4527,TBIO
4528,TBLA
4529,TBLAW
4530,TBLD
4531,TBLT
4532,TBLTW
4533,TBMC
4534,TBMCR
4535,TBNK
4536,TBPH
4537,TC
4538,TCBC
4539,TCBI
4540,TCBIO
4541,TCBK
4542,TCBP
4543,TCBPW
4544,TCBS
4545,TCBX
4546,TCFC
4547,TCHI
4548,TCJH
4549,TCMD
4550,TCOM
4551,TCON
4552,TCPC
4553,TCRT
4554,TCRX
4555,TCX
4556,TDIV
4557,TDSA
4558,TDSB
4559,TDSC
4560,TDSD
4561,TDSE
4562,TDUP
4563,TEAM
4564,TECH
4565,TECTP
4566,TEDU
4567,TELA
4568,TENB
4569,TENK
4570,TENKR
4571,TENKU
4572,TENX
4573,TER
4574,TERN
4575,TESS
4576,TETE
4577,TETEU
4578,TETEW
4579,TFFP
4580,TFIN
4581,TFINP
4582,TFSL
4583,TGAA
4584,TGAAU
4585,TGAAW
4586,TGAN
4587,TGL
4588,TGTX
4589,TGVC
4590,TGVCU
4591,TGVCW
4592,TH
4593,THCH
4594,THCP
4595,THCPU
4596,THCPW
4597,THFF
4598,THMO
4599,THRD
4600,THRM
4601,THRN
4602,THRX
4603,THRY
4604,THTX
4605,THWWW
4606,TIGO
4607,TIGR
4608,TIL
4609,TILE
4610,TIO
4611,TIPT
4612,TIRX
4613,TITN
4614,TIVC
4615,TKLF
4616,TKNO
4617,TLF
4618,TLGY
4619,TLGYU
4620,TLGYW
4621,TLIS
4622,TLRY
4623,TLS
4624,TLSA
4625,TLT
4626,TMC
4627,TMCI
4628,TMCWW
4629,TMDX
4630,TMKR
4631,TMKRU
4632,TMKRW
4633,TMPO
4634,TMPOW
4635,TMTC
4636,TMTCR
4637,TMTCU
4638,TMUS
4639,TNDM
4640,TNGX
4641,TNON
4642,TNONW
4643,TNXP
4644,TNYA
4645,TOI
4646,TOIIW
4647,TOMZ
4648,TOP
4649,TOPS
4650,TORO
4651,TOUR
4652,TOWN
4653,TPCS
4654,TPG
4655,TPIC
4656,TPST
4657,TQQQ
4658,TRDA
4659,TREE
4660,TRHC
4661,TRIB
4662,TRIN
4663,TRINL
4664,TRIP
4665,TRKA
4666,TRKAW
4667,TRMB
4668,TRMD
4669,TRMK
4670,TRMR
4671,TRNR
4672,TRNS
4673,TRON
4674,TRONU
4675,TRONW
4676,TROO
4677,TROW
4678,TRS
4679,TRST
4680,TRUE
4681,TRUP
4682,TRVG
4683,TRVI
4684,TRVN
4685,TSAT
4686,TSBK
4687,TSBX
4688,TSCO
4689,TSEM
4690,TSHA
4691,TSL
4692,TSLA
4693,TSLL
4694,TSLQ
4695,TSLS
4696,TSP
4697,TSRI
4698,TSVT
4699,TTCF
4700,TTD
4701,TTEC
4702,TTEK
4703,TTGT
4704,TTMI
4705,TTNP
4706,TTOO
4707,TTSH
4708,TTWO
4709,TUG
4710,TUGN
4711,TUR
4712,TURN
4713,TUSK
4714,TVTX
4715,TW
4716,TWCB
4717,TWCBU
4718,TWCBW
4719,TWEB
4720,TWIN
4721,TWKS
4722,TWLV
4723,TWLVU
4724,TWLVW
4725,TWNK
4726,TWOU
4727,TWST
4728,TXG
4729,TXMD
4730,TXN
4731,TXRH
4732,TYGO
4733,TYGOW
4734,TYRA
4735,TZOO
4736,UAE
4737,UAL
4738,UBCP
4739,UBFO
4740,UBND
4741,UBSI
4742,UBX
4743,UCAR
4744,UCBI
4745,UCBIO
4746,UCL
4747,UCRD
4748,UCTT
4749,UCYB
4750,UDMY
4751,UEIC
4752,UEVM
4753,UFCS
4754,UFIV
4755,UFO
4756,UFPI
4757,UFPT
4758,UG
4759,UGRO
4760,UHG
4761,UHGWW
4762,UIHC
4763,UITB
4764,UIVM
4765,UK
4766,UKOMW
4767,ULBI
4768,ULCC
4769,ULH
4770,ULTA
4771,ULVM
4772,UMBF
4773,UMMA
4774,UNB
4775,UNCY
4776,UNIT
4777,UNIY
4778,UNTY
4779,UONE
4780,UONEK
4781,UPBD
4782,UPC
4783,UPGR
4784,UPLD
4785,UPST
4786,UPTD
4787,UPTDU
4788,UPTDW
4789,UPWD
4790,UPWK
4791,UPXI
4792,URBN
4793,URGN
4794,URNJ
4795,UROY
4796,USAP
4797,USAU
4798,USBF
4799,USCB
4800,USCL
4801,USCT
4802,USCTU
4803,USCTW
4804,USEA
4805,USEG
4806,USFI
4807,USGO
4808,USGOW
4809,USIG
4810,USIO
4811,USLM
4812,USMC
4813,USOI
4814,USTB
4815,USVM
4816,USVN
4817,USXF
4818,UTAA
4819,UTAAU
4820,UTAAW
4821,UTEN
4822,UTHR
4823,UTHY
4824,UTMD
4825,UTME
4826,UTRE
4827,UTRS
4828,UTSI
4829,UTWO
4830,UTWY
4831,UVSP
4832,UXIN
4833,VABK
4834,VACC
4835,VALN
4836,VALU
4837,VANI
4838,VAQC
4839,VAXX
4840,VBFC
4841,VBIV
4842,VBLT
4843,VBNK
4844,VBOC
4845,VBOCU
4846,VBOCW
4847,VBTX
4848,VC
4849,VCEL
4850,VCIG
4851,VCIT
4852,VCLT
4853,VCNX
4854,VCSA
4855,VCSH
4856,VCTR
4857,VCXA
4858,VCXAU
4859,VCXAW
4860,VCYT
4861,VECO
4862,VECT
4863,VEDU
4864,VEEE
4865,VEON
4866,VERA
4867,VERB
4868,VERBW
4869,VERI
4870,VERO
4871,VERU
4872,VERV
4873,VERX
4874,VERY
4875,VEV
4876,VFF
4877,VFLO
4878,VGAS
4879,VGASW
4880,VGIT
4881,VGLT
4882,VGSH
4883,VHNA
4884,VHNAU
4885,VHNAW
4886,VIA
4887,VIASP
4888,VIAV
4889,VICR
4890,VIEW
4891,VIEWW
4892,VIGI
4893,VIGL
4894,VII
4895,VIIAU
4896,VIIAW
4897,VINC
4898,VINO
4899,VINP
4900,VIOT
4901,VIR
4902,VIRC
4903,VIRI
4904,VIRT
4905,VIRX
4906,VISL
4907,VITL
4908,VIVK
4909,VJET
4910,VKTX
4911,VLCN
4912,VLGEA
4913,VLY
4914,VLYPO
4915,VLYPP
4916,VMAR
4917,VMBS
4918,VMCA
4919,VMCAW
4920,VMD
4921,VMEO
4922,VNDA
4923,VNET
4924,VNOM
4925,VNQI
4926,VOD
4927,VONE
4928,VONG
4929,VONV
4930,VOR
4931,VOXR
4932,VOXX
4933,VPN
4934,VQS
4935,VR
4936,VRA
4937,VRAR
4938,VRAX
4939,VRAY
4940,VRCA
4941,VRDN
4942,VREX
4943,VRIG
4944,VRM
4945,VRME
4946,VRMEW
4947,VRNA
4948,VRNS
4949,VRNT
4950,VRPX
4951,VRRM
4952,VRSK
4953,VRSN
4954,VRTS
4955,VRTX
4956,VS
4957,VSAC
4958,VSACU
4959,VSACW
4960,VSAT
4961,VSDA
4962,VSEC
4963,VSMV
4964,VSSYW
4965,VSTA
4966,VSTM
4967,VTC
4968,VTGN
4969,VTHR
4970,VTIP
4971,VTNR
4972,VTRS
4973,VTRU
4974,VTSI
4975,VTVT
4976,VTWG
4977,VTWO
4978,VTWV
4979,VTYX
4980,VUZI
4981,VVOS
4982,VVPR
4983,VWE
4984,VWEWW
4985,VWOB
4986,VXRT
4987,VXUS
4988,VYGR
4989,VYMI
4990,VYNE
4991,WABC
4992,WAFD
4993,WAFDP
4994,WAFU
4995,WALD
4996,WALDW
4997,WASH
4998,WATT
4999,WAVD
5000,WAVE
5001,WAVS
5002,WAVSU
5003,WAVSW
5004,WB
5005,WBA
5006,WBD
5007,WBND
5008,WCBR
5009,WCLD
5010,WDAY
5011,WDC
5012,WDFC
5013,WEN
5014,WERN
5015,WEST
5016,WESTW
5017,WETG
5018,WEYS
5019,WFCF
5020,WFRD
5021,WGMI
5022,WGRO
5023,WGS
5024,WGSWW
5025,WHF
5026,WHLM
5027,WHLR
5028,WHLRD
5029,WHLRL
5030,WHLRP
5031,WILC
5032,WIMI
5033,WINA
5034,WINC
5035,WING
5036,WINT
5037,WINV
5038,WINVR
5039,WINVU
5040,WINVW
5041,WIRE
5042,WISA
5043,WISH
5044,WIX
5045,WIZ
5046,WKEY
5047,WKHS
5048,WKME
5049,WKSP
5050,WKSPW
5051,WLDN
5052,WLDS
5053,WLDSW
5054,WLFC
5055,WLGS
5056,WMG
5057,WMPN
5058,WNDY
5059,WNEB
5060,WNW
5061,WOOD
5062,WOOF
5063,WORX
5064,WPRT
5065,WRAP
5066,WRLD
5067,WRND
5068,WRNT
5069,WSBC
5070,WSBCP
5071,WSBF
5072,WSC
5073,WSFS
5074,WTBA
5075,WTER
5076,WTFC
5077,WTFCM
5078,WTFCP
5079,WTMA
5080,WTMAR
5081,WTMAU
5082,WTW
5083,WULF
5084,WVE
5085,WVVI
5086,WVVIP
5087,WW
5088,WWAC
5089,WWACU
5090,WWACW
5091,WWD
5092,WYNN
5093,XAIR
5094,XBIL
5095,XBIO
5096,XBIOW
5097,XBIT
5098,XCUR
5099,XDNA
5100,XEL
5101,XELA
5102,XELAP
5103,XELB
5104,XENE
5105,XERS
5106,XFIN
5107,XFINU
5108,XFINW
5109,XFOR
5110,XGN
5111,XLO
5112,XMTR
5113,XNCR
5114,XNET
5115,XOMA
5116,XOMAO
5117,XOMAP
5118,XOS
5119,XOSWW
5120,XP
5121,XPAX
5122,XPAXU
5123,XPAXW
5124,XPDB
5125,XPDBU
5126,XPDBW
5127,XPEL
5128,XPON
5129,XRAY
5130,XRTX
5131,XRX
5132,XT
5133,XTLB
5134,XWEL
5135,XXII
5136,YELL
5137,YGF
5138,YGMZ
5139,YI
5140,YJ
5141,YLDE
5142,YMAB
5143,YORW
5144,YOSH
5145,YOTA
5146,YOTAR
5147,YOTAU
5148,YOTAW
5149,YQ
5150,YS
5151,YSBPW
5152,YTEN
5153,YTRA
5154,YVR
5155,YY
5156,Z
5157,ZAPP
5158,ZAPPW
5159,ZBRA
5160,ZCMD
5161,ZD
5162,ZENV
5163,ZEUS
5164,ZFOX
5165,ZFOXW
5166,ZG
5167,ZI
5168,ZIMV
5169,ZING
5170,ZINGU
5171,ZINGW
5172,ZION
5173,ZIONL
5174,ZIONO
5175,ZIONP
5176,ZIVO
5177,ZIVOW
5178,ZJYL
5179,ZKIN
5180,ZLAB
5181,ZM
5182,ZNTL
5183,ZS
5184,ZTEK
5185,ZUMZ
5186,ZURA
5187,ZURAW
5188,ZVRA
5189,ZVSA
5190,ZYME
5191,ZYNE
5192,ZYXI
0,A
1,AA
2,AAC
3,AAC.S
4,AAC.T
5,AAC.U
6,AAC.W
7,AACT
8,AAI-B
9,AAI-C
10,AAIC
11,AAIN
12,AAM-A
13,AAM-B
14,AAN
15,AAP
16,AAT
17,AB
18,ABBV
19,ABC
20,ABEV
21,ABG
22,ABM
23,ABR
24,ABR-D
25,ABR-E
26,ABR-F
27,ABT
28,AC
29,ACA
30,ACCO
31,ACEL
32,ACH.W
33,ACHR
34,ACI
35,ACM
36,ACN
37,ACP
38,ACP-A
39,ACR
40,ACR-C
41,ACR-D
42,ACR.U
43,ACR.W
44,ACRE
45,ACRO
46,ACV
47,ADC
48,ADC-A
49,ADCT
50,ADM
51,ADNT
52,ADT
53,ADX
54,AEE
55,AEFC
56,AEG
57,AEL
58,AEL-A
59,AEL-B
60,AEM
61,AENZ
62,AEO
63,AER
64,AES
65,AESC
66,AESI
67,AEV.W
68,AEVA
69,AFB
70,AFG
71,AFGB
72,AFGC
73,AFGD
74,AFGE
75,AFL
76,AFT
77,AFT.U
78,AFT.W
79,AFTR
80,AG
81,AGAC
82,AGCO
83,AGD
84,AGI
85,AGL
86,AGM
87,AGM-C
88,AGM-D
89,AGM-E
90,AGM-F
91,AGM-G
92,AGM.A
93,AGO
94,AGR
95,AGRO
96,AGS
97,AGTI
98,AGX
99,AHH
100,AHH-A
101,AHL-C
102,AHL-D
103,AHL-E
104,AHT
105,AHT-D
106,AHT-F
107,AHT-G
108,AHT-H
109,AHT-I
110,AI
111,AIC
112,AIF
113,AIG
114,AIG-A
115,AIN
116,AIO
117,AIR
118,AIRC
119,AIT
120,AIU
121,AIV
122,AIZ
123,AIZN
124,AJG
125,AJRD
126,AJX
127,AJXA
128,AKA
129,AKO.A
130,AKO.B
131,AKR
132,AL
133,AL-A
134,ALB
135,ALC
136,ALCC
137,ALE
138,ALEX
139,ALG
140,ALIT
141,ALK
142,ALL
143,ALL-B
144,ALL-H
145,ALL-I
146,ALL-J
147,ALL.W
148,ALLE
149,ALLG
150,ALLY
151,ALSN
152,ALT-A
153,ALTG
154,ALU.W
155,ALUR
156,ALV
157,ALX
158,AM
159,AMB.T
160,AMBC
161,AMBP
162,AMC
163,AMCR
164,AME
165,AMG
166,AMH
167,AMH-G
168,AMH-H
169,AMK
170,AMN
171,AMP
172,AMP.V
173,AMPS
174,AMPX
175,AMPY
176,AMR
177,AMRC
178,AMRX
179,AMT
180,AMTD
181,AMWL
182,AMX
183,AN
184,ANET
185,ANF
186,ANVS
187,AOD
188,AOMR
189,AON
190,AORT
191,AOS
192,AP
193,APAM
194,APC.U
195,APC.W
196,APCA
197,APD
198,APE
199,APG
200,APG.U
201,APG.W
202,APGB
203,APH
204,APLE
205,APO
206,APRN
207,APTV
208,AQN
209,AQNA
210,AQNB
211,AQNU
212,AR
213,ARC
214,ARCH
215,ARCO
216,ARDC
217,ARE
218,ARES
219,ARG-A
220,ARGD
221,ARGO
222,ARI
223,ARIS
224,ARL
225,ARLO
226,ARMK
227,ARNC
228,AROC
229,ARR
230,ARR-C
231,ARW
232,ASA
233,ASAI
234,ASAN
235,ASB
236,ASB-E
237,ASB-F
238,ASBA
239,ASC
240,ASG
241,ASGI
242,ASGN
243,ASH
244,ASIX
245,ASPN
246,ASR
247,ASX
248,ATAQ
249,ATC-D
250,ATC-H
251,ATC-I
252,ATEK
253,ATEN
254,ATGE
255,ATH-A
256,ATH-B
257,ATH-C
258,ATH-D
259,ATH-E
260,ATHM
261,ATI
262,ATIP
263,ATKR
264,ATMU
265,ATO
266,ATR
267,ATS
268,ATTO
269,ATUS
270,AU
271,AUB
272,AUB-A
273,AVA
274,AVAL
275,AVB
276,AVD
277,AVK
278,AVNS
279,AVNT
280,AVTR
281,AVY
282,AWF
283,AWI
284,AWK
285,AWP
286,AWR
287,AX
288,AXL
289,AXP
290,AXR
291,AXS
292,AXS-E
293,AXTA
294,AYI
295,AYX
296,AZEK
297,AZO
298,AZUL
299,AZZ
300,B
301,BA
302,BABA
303,BAC
304,BAC-B
305,BAC-E
306,BAC-K
307,BAC-L
308,BAC-M
309,BAC-N
310,BAC-O
311,BAC-P
312,BAC-Q
313,BAC-S
314,BAH
315,BAK
316,BALL
317,BALY
318,BAM
319,BANC
320,BAP
321,BAR.W
322,BARK
323,BAX
324,BB
325,BBA.W
326,BBAI
327,BBAR
328,BBD
329,BBDC
330,BBDO
331,BBN
332,BBU
333,BBUC
334,BBVA
335,BBW
336,BBWI
337,BBY
338,BC
339,BC-A
340,BC-B
341,BC-C
342,BCAT
343,BCC
344,BCE
345,BCH
346,BCO
347,BCS
348,BCSF
349,BCX
350,BDC
351,BDJ
352,BDN
353,BDX
354,BE
355,BEDU
356,BEKE
357,BEN
358,BEP
359,BEP-A
360,BEPC
361,BEPH
362,BEPI
363,BERY
364,BEST
365,BF.A
366,BF.B
367,BFA.U
368,BFA.W
369,BFAC
370,BFAM
371,BFH
372,BFK
373,BFL.W
374,BFLY
375,BFS
376,BFS-D
377,BFS-E
378,BFZ
379,BG
380,BGB
381,BGH
382,BGR
383,BGS
384,BGSF
385,BGT
386,BGX
387,BGY
388,BH
389,BH.A
390,BHC
391,BHE
392,BHG
393,BHI.W
394,BHIL
395,BHK
396,BHLB
397,BHP
398,BHR
399,BHR-B
400,BHR-D
401,BHV
402,BHVN
403,BIG
404,BIGZ
405,BILL
406,BIO
407,BIO.B
408,BIP
409,BIP-A
410,BIP-B
411,BIPC
412,BIPH
413,BIPI
414,BIT
415,BJ
416,BK
417,BKD
418,BKDT
419,BKE
420,BKH
421,BKI
422,BKK.W
423,BKKT
424,BKN
425,BKS.W
426,BKSY
427,BKT
428,BKU
429,BLCO
430,BLD
431,BLDR
432,BLE
433,BLK
434,BLND
435,BLW
436,BLX
437,BMA
438,BMA.U
439,BMA.W
440,BMAC
441,BME
442,BMEZ
443,BMI
444,BML-G
445,BML-H
446,BML-J
447,BML-L
448,BMN
449,BMO
450,BMY
451,BN
452,BNED
453,BNH
454,BNJ
455,BNL
456,BNRE
457,BNS
458,BNY
459,BOA.U
460,BOA.W
461,BOAC
462,BOC
463,BOD.W
464,BODY
465,BOE
466,BOH
467,BOH-A
468,BOND
469,BOOT
470,BORR
471,BOWL
472,BOX
473,BP
474,BPT
475,BQ
476,BR
477,BRBR
478,BRC
479,BRCC
480,BRD
481,BRD.T
482,BRD.U
483,BRD.W
484,BRDG
485,BRDS
486,BRFS
487,BRK.A
488,BRK.B
489,BRO
490,BROS
491,BRSP
492,BRT
493,BRW
494,BRX
495,BSAC
496,BSBR
497,BSIG
498,BSL
499,BSM
500,BST
501,BSTZ
502,BSX
503,BTA
504,BTCM
505,BTE
506,BTI
507,BTO
508,BTT
509,BTU
510,BTZ
511,BUD
512,BUI
513,BUR
514,BURL
515,BUXX
516,BV
517,BVH
518,BVN
519,BW
520,BW-A
521,BWA
522,BWG
523,BWNB
524,BWSN
525,BWXT
526,BX
527,BXC
528,BXMT
529,BXMX
530,BXP
531,BXSL
532,BY
533,BYD
534,BYM
535,BYN
536,BYN.U
537,BYN.W
538,BZH
539,C
540,C-J
541,C-K
542,C-N
543,CAAP
544,CABO
545,CACI
546,CAD-A
547,CADE
548,CAE
549,CAF
550,CAG
551,CAH
552,CAL
553,CALX
554,CAN.W
555,CANG
556,CANO
557,CAPL
558,CARR
559,CARS
560,CAT
561,CATO
562,CAVA
563,CB
564,CBD
565,CBH
566,CBL
567,CBRE
568,CBT
569,CBU
570,CBZ
571,CC
572,CCI
573,CCIF
574,CCJ
575,CCK
576,CCL
577,CCM
578,CCO
579,CCRD
580,CCS
581,CCU
582,CCV
583,CCV.S
584,CCV.T
585,CCV.U
586,CCV.W
587,CCVI
588,CCZ
589,CDAY
590,CDE
591,CDR-B
592,CDR-C
593,CDRE
594,CE
595,CEE
596,CEIX
597,CEL.P
598,CEM
599,CEN
600,CEPU
601,CEQ.P
602,CEQP
603,CF
604,CFG
605,CFG-D
606,CFG-E
607,CFR
608,CFR-B
609,CGA
610,CGAU
611,CHCT
612,CHD
613,CHE
614,CHGG
615,CHH
616,CHM-A
617,CHM-B
618,CHMI
619,CHN
620,CHPT
621,CHS
622,CHT
623,CHWY
624,CI
625,CIA
626,CIB
627,CIEN
628,CIF
629,CIG
630,CIG.C
631,CII
632,CIM
633,CIM-A
634,CIM-B
635,CIM-C
636,CIM-D
637,CINT
638,CIO
639,CIO-A
640,CION
641,CIR
642,CIVI
643,CL
644,CLB
645,CLB.U
646,CLB.W
647,CLBR
648,CLCO
649,CLD-A
650,CLDT
651,CLF
652,CLH
653,CLPR
654,CLS
655,CLV-A
656,CLVT
657,CLW
658,CLX
659,CM
660,CMA
661,CMC
662,CMCM
663,CMG
664,CMI
665,CMP
666,CMR-B
667,CMR-C
668,CMR-D
669,CMR-E
670,CMRE
671,CMS
672,CMS-B
673,CMS-C
674,CMSA
675,CMSC
676,CMSD
677,CMTG
678,CMU
679,CNA
680,CNC
681,CND.S
682,CND.T
683,CND.V
684,CNDA
685,CNDB
686,CNF
687,CNHI
688,CNI
689,CNK
690,CNM
691,CNMD
692,CNNE
693,CNO
694,CNO-A
695,CNP
696,CNQ
697,CNS
698,CNX
699,COD-A
700,COD-B
701,COD-C
702,CODI
703,COF
704,COF-I
705,COF-J
706,COF-K
707,COF-L
708,COF-N
709,COHR
710,COLD
711,COMP
712,COO
713,COOK
714,COP
715,COR-Z
716,CORR
717,COTY
718,COUR
719,CP
720,CPA
721,CPAC
722,CPB
723,CPE
724,CPF
725,CPG
726,CPK
727,CPNG
728,CPRI
729,CPS
730,CPT
731,CPT.U
732,CPTK
733,CPU.U
734,CPU.W
735,CPUH
736,CR
737,CRBG
738,CRC
739,CRD.A
740,CRD.B
741,CRGY
742,CRH
743,CRI
744,CRK
745,CRL
746,CRM
747,CRS
748,CRT
749,CSAN
750,CSL
751,CSR
752,CSR-C
753,CST.U
754,CST.W
755,CSTA
756,CSTM
757,CSV
758,CTA-A
759,CTA-B
760,CTBB
761,CTDD
762,CTLT
763,CTO
764,CTO-A
765,CTO.W
766,CTOS
767,CTR
768,CTRA
769,CTRE
770,CTS
771,CTV
772,CTV.W
773,CTVA
774,CUB-E
775,CUB-F
776,CUBB
777,CUBE
778,CUBI
779,CUK
780,CULP
781,CURO
782,CURV
783,CUZ
784,CVE
785,CVE.W
786,CVEO
787,CVI
788,CVI.U
789,CVI.W
790,CVII
791,CVNA
792,CVS
793,CVX
794,CW
795,CWAN
796,CWE.A
797,CWEN
798,CWH
799,CWK
800,CWT
801,CX
802,CXA.U
803,CXA.W
804,CXAC
805,CXE
806,CXH
807,CXM
808,CXT
809,CXW
810,CYD
811,CYH
812,CZOO
813,D
814,DAC
815,DAL
816,DAN
817,DAO
818,DAR
819,DASH
820,DAVA
821,DB
822,DBD
823,DBI
824,DBL
825,DBR-H
826,DBR-I
827,DBR-J
828,DBRG
829,DCF
830,DCI
831,DCO
832,DCP-C
833,DD
834,DDD
835,DDL
836,DDS
837,DDT
838,DE
839,DEA
840,DECK
841,DEI
842,DELL
843,DEN
844,DEO
845,DESP
846,DFH
847,DFIN
848,DFP
849,DFS
850,DG
851,DGX
852,DHF
853,DHI
854,DHR
855,DHT
856,DHX
857,DIAX
858,DIN
859,DINO
860,DIP
861,DIS
862,DK
863,DKL
864,DKS
865,DLB
866,DLN-A
867,DLN-B
868,DLNG
869,DLR
870,DLR-J
871,DLR-K
872,DLR-L
873,DLX
874,DLY
875,DM
876,DMA
877,DMB
878,DMO
879,DMS
880,DNA
881,DNA.W
882,DNB
883,DNMR
884,DNOW
885,DNP
886,DO
887,DOC
888,DOCN
889,DOCS
890,DOLE
891,DOMA
892,DOOR
893,DOUG
894,DOV
895,DOW
896,DPG
897,DPZ
898,DQ
899,DRD
900,DRH
901,DRH-A
902,DRI
903,DRQ
904,DSA.U
905,DSAQ
906,DSL
907,DSM
908,DSMC
909,DSTX
910,DSU
911,DSX
912,DSX-B
913,DT
914,DTB
915,DTC
916,DTE
917,DTF
918,DTG
919,DTM
920,DTW
921,DUK
922,DUK-A
923,DUKB
924,DV
925,DVA
926,DVN
927,DX
928,DX-C
929,DXC
930,DY
931,E
932,EAF
933,EAI
934,EARN
935,EAT
936,EB
937,EBF
938,EBR
939,EBR.B
940,EBS
941,EC
942,ECAT
943,ECC
944,ECC-D
945,ECCC
946,ECCV
947,ECCW
948,ECCX
949,ECL
950,ECVT
951,ED
952,EDD
953,EDF
954,EDI
955,EDN
956,EDR
957,EDU
958,EE
959,EEA
960,EEX
961,EFC
962,EFC-A
963,EFC-B
964,EFC-C
965,EFR
966,EFT
967,EFX
968,EFXT
969,EG
970,EGF
971,EGG.W
972,EGGF
973,EGLE
974,EGO
975,EGP
976,EGY
977,EHAB
978,EHC
979,EHI
980,EIC
981,EICA
982,EICB
983,EIG
984,EIX
985,EL
986,ELAN
987,ELC
988,ELF
989,ELIQ
990,ELME
991,ELP
992,ELS
993,ELV
994,EMD
995,EME
996,EMF
997,EMN
998,EMO
999,EMP
1000,EMR
1001,ENB
1002,ENFN
1003,ENIC
1004,ENJ
1005,ENLC
1006,ENO
1007,ENOV
1008,ENR
1009,ENS
1010,ENV
1011,ENVA
1012,ENZ
1013,EOD
1014,EOG
1015,EOI
1016,EOS
1017,EOT
1018,EP-C
1019,EPAC
1020,EPAM
1021,EPC
1022,EPD
1023,EPR
1024,EPR-C
1025,EPR-E
1026,EPR-G
1027,EPRT
1028,EQBK
1029,EQC
1030,EQC-D
1031,EQH
1032,EQH-A
1033,EQH-C
1034,EQNR
1035,EQR
1036,EQS
1037,EQT
1038,ERF
1039,ERJ
1040,ERO
1041,ES
1042,ESAB
1043,ESE
1044,ESI
1045,ESMT
1046,ESNT
1047,ESRT
1048,ESS
1049,ESTC
1050,ESTE
1051,ET
1052,ET-C
1053,ET-D
1054,ET-E
1055,ETB
1056,ETD
1057,ETG
1058,ETI.P
1059,ETJ
1060,ETN
1061,ETO
1062,ETR
1063,ETRN
1064,ETV
1065,ETW
1066,ETW.W
1067,ETWO
1068,ETX
1069,ETY
1070,EURN
1071,EVA
1072,EVC
1073,EVE.T
1074,EVEX
1075,EVF
1076,EVG
1077,EVH
1078,EVN
1079,EVR
1080,EVRI
1081,EVT
1082,EVT.W
1083,EVTC
1084,EVTL
1085,EW
1086,EXG
1087,EXK
1088,EXP
1089,EXPR
1090,EXR
1091,F
1092,F-B
1093,F-C
1094,F-D
1095,FAC.S
1096,FAC.T
1097,FACT
1098,FAF
1099,FAM
1100,FAT.W
1101,FATH
1102,FBIN
1103,FBK
1104,FBP
1105,FBR-E
1106,FBRT
1107,FC
1108,FCF
1109,FCN
1110,FCPT
1111,FCRX
1112,FCT
1113,FCX
1114,FDEU
1115,FDP
1116,FDS
1117,FDX
1118,FE
1119,FEDU
1120,FEI
1121,FENG
1122,FERG
1123,FET
1124,FF
1125,FFA
1126,FFC
1127,FG
1128,FGB
1129,FHI
1130,FHN
1131,FHN-B
1132,FHN-C
1133,FHN-D
1134,FHN-E
1135,FHN-F
1136,FI
1137,FICO
1138,FIF
1139,FIGS
1140,FIHL
1141,FINS
1142,FINV
1143,FIS
1144,FIX
1145,FL
1146,FLC
1147,FLM.U
1148,FLM.W
1149,FLME
1150,FLNG
1151,FLO
1152,FLR
1153,FLS
1154,FLT
1155,FMC
1156,FMN
1157,FMS
1158,FMX
1159,FMY
1160,FN
1161,FNA
1162,FNB
1163,FNB-E
1164,FND
1165,FNF
1166,FNV
1167,FOA
1168,FOA.W
1169,FOF
1170,FOR
1171,FORG
1172,FOUR
1173,FPF
1174,FPH
1175,FPI
1176,FPL
1177,FR
1178,FRA
1179,FRE.W
1180,FREY
1181,FRGE
1182,FRO
1183,FRT
1184,FRT-C
1185,FRX.S
1186,FRX.T
1187,FRXB
1188,FSCO
1189,FSD
1190,FSK
1191,FSLY
1192,FSM
1193,FSN.U
1194,FSNB
1195,FSR
1196,FSS
1197,FT
1198,FTCH
1199,FTHY
1200,FTI
1201,FTK
1202,FTS
1203,FTV
1204,FUBO
1205,FUL
1206,FUN
1207,FVRR
1208,FXLV
1209,FZT
1210,FZT.W
1211,G
1212,GAB
1213,GAB-G
1214,GAB-H
1215,GAB-K
1216,GAM
1217,GAM-B
1218,GAQ
1219,GAQ.U
1220,GAQ.W
1221,GATO
1222,GATX
1223,GB
1224,GB.W
1225,GBAB
1226,GBCI
1227,GBLI
1228,GBTG
1229,GBX
1230,GCI
1231,GCO
1232,GCV
1233,GD
1234,GDDY
1235,GDIV
1236,GDL
1237,GDL-C
1238,GDO
1239,GDOT
1240,GDV
1241,GDV-H
1242,GDV-K
1243,GE
1244,GEF
1245,GEF.B
1246,GEHI
1247,GEL
1248,GENI
1249,GEO
1250,GES
1251,GET.T
1252,GETR
1253,GETY
1254,GF
1255,GFF
1256,GFI
1257,GFL
1258,GFO.U
1259,GFO.W
1260,GFOR
1261,GFX
1262,GFX.U
1263,GFX.W
1264,GGB
1265,GGG
1266,GGT
1267,GGT-E
1268,GGT-G
1269,GGZ
1270,GHC
1271,GHG
1272,GHI
1273,GHL
1274,GHLD
1275,GHM
1276,GHY
1277,GIB
1278,GIC
1279,GIL
1280,GIM
1281,GIS
1282,GJH
1283,GJO
1284,GJP
1285,GJR
1286,GJS
1287,GJT
1288,GKOS
1289,GL
1290,GL-D
1291,GLO-A
1292,GLO-B
1293,GLO-C
1294,GLO-G
1295,GLOB
1296,GLP
1297,GLP-A
1298,GLP-B
1299,GLT
1300,GLW
1301,GM
1302,GME
1303,GMED
1304,GMR-A
1305,GMRE
1306,GMS
1307,GNE
1308,GNK
1309,GNL
1310,GNL-A
1311,GNL-B
1312,GNRC
1313,GNT
1314,GNT-A
1315,GNTY
1316,GNW
1317,GOF
1318,GOL
1319,GOLD
1320,GOLF
1321,GOOS
1322,GOTU
1323,GPC
1324,GPI
1325,GPJA
1326,GPK
1327,GPM-A
1328,GPMT
1329,GPN
1330,GPOR
1331,GPRK
1332,GPS
1333,GRB-A
1334,GRBK
1335,GRC
1336,GRMN
1337,GRN.T
1338,GRND
1339,GRNT
1340,GROV
1341,GRP.U
1342,GRX
1343,GS
1344,GS-A
1345,GS-C
1346,GS-D
1347,GS-J
1348,GS-K
1349,GSBD
1350,GSK
1351,GSL
1352,GSL-B
1353,GTES
1354,GTL-B
1355,GTLS
1356,GTN
1357,GTN.A
1358,GTY
1359,GUG
1360,GUT
1361,GUT-C
1362,GVA
1363,GWH
1364,GWH.W
1365,GWRE
1366,GWW
1367,GXO
1368,H
1369,HAE
1370,HAL
1371,HASI
1372,HAYW
1373,HBB
1374,HBI
1375,HBM
1376,HCA
1377,HCC
1378,HCI
1379,HCXY
1380,HD
1381,HDB
1382,HE
1383,HEI
1384,HEI.A
1385,HEP
1386,HEQ
1387,HES
1388,HESM
1389,HFR-A
1390,HFRO
1391,HGER
1392,HGLB
1393,HGT.W
1394,HGTY
1395,HGV
1396,HHC
1397,HHL.U
1398,HHL.W
1399,HHLA
1400,HI
1401,HIE
1402,HIG
1403,HIG-G
1404,HII
1405,HIMS
1406,HIO
1407,HIP.W
1408,HIPO
1409,HIW
1410,HIX
1411,HKD
1412,HL
1413,HL-B
1414,HLF
1415,HLG.W
1416,HLGN
1417,HLI
1418,HLIO
1419,HLL.W
1420,HLLY
1421,HLN
1422,HLT
1423,HLX
1424,HMA
1425,HMA.U
1426,HMA.W
1427,HMC
1428,HMN
1429,HMY
1430,HNI
1431,HOG
1432,HOMB
1433,HOUS
1434,HOV
1435,HP
1436,HPE
1437,HPF
1438,HPI
1439,HPP
1440,HPP-C
1441,HPQ
1442,HPS
1443,HQH
1444,HQL
1445,HR
1446,HRB
1447,HRI
1448,HRL
1449,HRT
1450,HRTG
1451,HSBC
1452,HSHP
1453,HSY
1454,HT
1455,HT-C
1456,HT-D
1457,HT-E
1458,HTD
1459,HTFB
1460,HTFC
1461,HTGC
1462,HTH
1463,HTY
1464,HUBB
1465,HUBS
1466,HUM
1467,HUN
1468,HUYA
1469,HVT
1470,HVT.A
1471,HWM
1472,HXL
1473,HY
1474,HYA.U
1475,HYB
1476,HYI
1477,HYLN
1478,HYT
1479,HZO
1480,IAE
1481,IAG
1482,IBM
1483,IBN
1484,IBP
1485,ICD
1486,ICE
1487,ICL
1488,ICN.U
1489,ICN.W
1490,ICNC
1491,ICR-A
1492,IDA
1493,IDE
1494,IDT
1495,IEX
1496,IFF
1497,IFI.U
1498,IFI.W
1499,IFIN
1500,IFN
1501,IFS
1502,IGA
1503,IGD
1504,IGI
1505,IGR
1506,IGT
1507,IH
1508,IHD
1509,IHG
1510,IHIT
1511,IHS
1512,IHTA
1513,IIF
1514,IIIN
1515,IIM
1516,IIP-A
1517,IIPR
1518,IMAX
1519,INFA
1520,INFY
1521,ING
1522,INGR
1523,INN
1524,INN-E
1525,INN-F
1526,INSI
1527,INSP
1528,INST
1529,INSW
1530,INVH
1531,ION.W
1532,IONQ
1533,IOT
1534,IP
1535,IPG
1536,IPI
1537,IQI
1538,IQV
1539,IR
1540,IRM
1541,IRN.W
1542,IRNT
1543,IRR.U
1544,IRR.W
1545,IRRX
1546,IRS
1547,IRS.W
1548,IRT
1549,ISD
1550,IT
1551,ITCL
1552,ITGR
1553,ITT
1554,ITUB
1555,ITW
1556,IVR
1557,IVR-B
1558,IVR-C
1559,IVT
1560,IVZ
1561,IX
1562,J
1563,JBGS
1564,JBI
1565,JBK
1566,JBL
1567,JBT
1568,JCE
1569,JCI
1570,JEF
1571,JELD
1572,JEQ
1573,JFR
1574,JGH
1575,JHAA
1576,JHG
1577,JHI
1578,JHS
1579,JHX
1580,JILL
1581,JKS
1582,JLL
1583,JLS
1584,JMIA
1585,JMM
1586,JNJ
1587,JNPR
1588,JOB.W
1589,JOBY
1590,JOE
1591,JOF
1592,JPC
1593,JPI
1594,JPM
1595,JPM-C
1596,JPM-D
1597,JPM-J
1598,JPM-K
1599,JPM-L
1600,JPM-M
1601,JPS
1602,JPT
1603,JQC
1604,JRI
1605,JRO
1606,JRS
1607,JSD
1608,JT
1609,JUN
1610,JUN.U
1611,JUN.W
1612,JWN
1613,JXN
1614,JXN-A
1615,K
1616,KAI
1617,KAMN
1618,KAR
1619,KB
1620,KBH
1621,KBR
1622,KCG.U
1623,KCG.W
1624,KCGI
1625,KD
1626,KEN
1627,KEP
1628,KEX
1629,KEY
1630,KEY-I
1631,KEY-J
1632,KEY-K
1633,KEY-L
1634,KEYS
1635,KF
1636,KFS
1637,KFY
1638,KGC
1639,KGS
1640,KIM
1641,KIM-L
1642,KIM-M
1643,KIND
1644,KIO
1645,KKR
1646,KKR-C
1647,KKRS
1648,KLR
1649,KMB
1650,KMF
1651,KMI
1652,KMPB
1653,KMPR
1654,KMT
1655,KMX
1656,KN
1657,KNF
1658,KNOP
1659,KNS.U
1660,KNS.W
1661,KNSL
1662,KNSW
1663,KNTK
1664,KNX
1665,KO
1666,KODK
1667,KOF
1668,KOP
1669,KOR.W
1670,KORE
1671,KOS
1672,KR
1673,KRC
1674,KRE-A
1675,KREF
1676,KRG
1677,KRO
1678,KRP
1679,KSM
1680,KSS
1681,KT
1682,KTB
1683,KTF
1684,KTH
1685,KTN
1686,KUKE
1687,KVUE
1688,KW
1689,KWR
1690,KYN
1691,L
1692,LAC
1693,LAD
1694,LADR
1695,LAN.W
1696,LANV
1697,LAW
1698,LAZ
1699,LBRT
1700,LC
1701,LCII
1702,LCW
1703,LCW.U
1704,LCW.W
1705,LDI
1706,LDOS
1707,LDP
1708,LEA
1709,LEG
1710,LEJU
1711,LEN
1712,LEN.B
1713,LEO
1714,LEV
1715,LEV.A
1716,LEV.W
1717,LEVI
1718,LFT
1719,LFT-A
1720,LGF.A
1721,LGF.B
1722,LGI
1723,LH
1724,LHC
1725,LHC.U
1726,LHX
1727,LICY
1728,LII
1729,LIN
1730,LITB
1731,LL
1732,LLA.W
1733,LLAP
1734,LLY
1735,LMND
1736,LMT
1737,LNC
1738,LNC-D
1739,LND
1740,LNN
1741,LOB
1742,LOC.T
1743,LOC.U
1744,LOC.W
1745,LOCC
1746,LOCL
1747,LOMA
1748,LOW
1749,LPG
1750,LPL
1751,LPX
1752,LRN
1753,LSI
1754,LSPD
1755,LTC
1756,LTH
1757,LTHM
1758,LU
1759,LUMN
1760,LUV
1761,LVS
1762,LVW.W
1763,LVWR
1764,LW
1765,LXFR
1766,LXP
1767,LXP-C
1768,LXU
1769,LYB
1770,LYG
1771,LYV
1772,LZB
1773,LZM
1774,LZM.W
1775,M
1776,MA
1777,MAA
1778,MAA-I
1779,MAC
1780,MAIN
1781,MAN
1782,MANU
1783,MAS
1784,MATV
1785,MATX
1786,MAV
1787,MAX
1788,MBA.U
1789,MBA.W
1790,MBAC
1791,MBC
1792,MBI
1793,MBS.U
1794,MBS.W
1795,MBSC
1796,MC
1797,MCB
1798,MCD
1799,MCI
1800,MCK
1801,MCN
1802,MCO
1803,MCR
1804,MCS
1805,MCW
1806,MCY
1807,MD
1808,MDC
1809,MDT
1810,MDU
1811,MDV
1812,MDV-A
1813,MEC
1814,MED
1815,MEG
1816,MEGI
1817,MEI
1818,MER-K
1819,MET
1820,MET-A
1821,MET-E
1822,MET-F
1823,MFA
1824,MFA-B
1825,MFA-C
1826,MFC
1827,MFD
1828,MFG
1829,MFM
1830,MFV
1831,MG
1832,MGA
1833,MGF
1834,MGM
1835,MGR
1836,MGRB
1837,MGRD
1838,MGY
1839,MHD
1840,MHF
1841,MHI
1842,MHK
1843,MHLA
1844,MHN
1845,MHNC
1846,MHO
1847,MIN
1848,MIO
1849,MIR
1850,MIR.W
1851,MIT-A
1852,MIT-B
1853,MIT-C
1854,MITT
1855,MIXT
1856,MIY
1857,MKC
1858,MKC.V
1859,MKF.W
1860,MKFG
1861,MKL
1862,ML
1863,ML.W
1864,MLI
1865,MLM
1866,MLNK
1867,MLP
1868,MLR
1869,MMC
1870,MMD
1871,MMI
1872,MMM
1873,MMP
1874,MMS
1875,MMT
1876,MMU
1877,MNP
1878,MNSO
1879,MNT.U
1880,MNT.W
1881,MNTN
1882,MO
1883,MOD
1884,MODG
1885,MODN
1886,MOG.A
1887,MOG.B
1888,MOGU
1889,MOH
1890,MOS
1891,MOV
1892,MP
1893,MPA
1894,MPC
1895,MPL.W
1896,MPLN
1897,MPLX
1898,MPV
1899,MPW
1900,MPX
1901,MQT
1902,MQY
1903,MRC
1904,MRD.W
1905,MRDB
1906,MRK
1907,MRO
1908,MS
1909,MS-A
1910,MS-E
1911,MS-F
1912,MS-I
1913,MS-K
1914,MS-L
1915,MS-O
1916,MS-P
1917,MSA
1918,MSB
1919,MSC
1920,MSCI
1921,MSD
1922,MSGE
1923,MSGS
1924,MSI
1925,MSM
1926,MT
1927,MTA.W
1928,MTAL
1929,MTB
1930,MTB-H
1931,MTBL
1932,MTD
1933,MTDR
1934,MTG
1935,MTH
1936,MTN
1937,MTR
1938,MTRN
1939,MTW
1940,MTX
1941,MTZ
1942,MUA
1943,MUC
1944,MUE
1945,MUFG
1946,MUI
1947,MUJ
1948,MUR
1949,MUSA
1950,MUX
1951,MVF
1952,MVO
1953,MVT
1954,MWA
1955,MX
1956,MXE
1957,MXF
1958,MYD
1959,MYE
1960,MYI
1961,MYN
1962,MYTE
1963,NABL
1964,NAC
1965,NAD
1966,NAN
1967,NAPA
1968,NAT
1969,NAZ
1970,NBB
1971,NBHC
1972,NBR
1973,NBXG
1974,NC
1975,NCA
1976,NCLH
1977,NCR
1978,NCV
1979,NCV-A
1980,NCZ
1981,NCZ-A
1982,NDMO
1983,NDP
1984,NE
1985,NE.A
1986,NE.W
1987,NEA
1988,NEE
1989,NEE-N
1990,NEE-Q
1991,NEE-R
1992,NEM
1993,NEP
1994,NET
1995,NET.W
1996,NETC
1997,NETI
1998,NEU
1999,NEWR
2000,NEX
2001,NEXA
2002,NFG
2003,NFJ
2004,NFN.U
2005,NFN.W
2006,NFNT
2007,NFY.U
2008,NFY.W
2009,NFYS
2010,NGG
2011,NGL
2012,NGL-B
2013,NGL-C
2014,NGS
2015,NGVC
2016,NGVT
2017,NHI
2018,NI
2019,NI-B
2020,NIC
2021,NIE
2022,NIM
2023,NIMC
2024,NINE
2025,NIO
2026,NJR
2027,NKE
2028,NKX
2029,NL
2030,NLS
2031,NLY
2032,NLY-F
2033,NLY-G
2034,NLY-I
2035,NM
2036,NM-G
2037,NM-H
2038,NMAI
2039,NMCO
2040,NMG
2041,NMI
2042,NMK-B
2043,NMK-C
2044,NMM
2045,NMR
2046,NMS
2047,NMT
2048,NMZ
2049,NNI
2050,NNN
2051,NNY
2052,NOA
2053,NOAH
2054,NOC
2055,NOG
2056,NOK
2057,NOM
2058,NOMD
2059,NOT.W
2060,NOTE
2061,NOV
2062,NOVA
2063,NOW
2064,NPCT
2065,NPFD
2066,NPK
2067,NPO
2068,NPV
2069,NPW.W
2070,NPWR
2071,NQP
2072,NR
2073,NRD.W
2074,NRDY
2075,NRE-A
2076,NREF
2077,NRG
2078,NRGV
2079,NRGX
2080,NRK
2081,NRP
2082,NRT
2083,NRUC
2084,NS
2085,NS-A
2086,NS-B
2087,NS-C
2088,NSA
2089,NSA-A
2090,NSC
2091,NSL
2092,NSP
2093,NSS
2094,NST.D
2095,NST.S
2096,NST.V
2097,NSTC
2098,NSTD
2099,NTB
2100,NTCO
2101,NTEST.I
2102,NTG
2103,NTR
2104,NTST
2105,NTZ
2106,NU
2107,NUE
2108,NUS
2109,NUV
2110,NUV.W
2111,NUVB
2112,NUW
2113,NVG
2114,NVGS
2115,NVO
2116,NVR
2117,NVRI
2118,NVRO
2119,NVS
2120,NVST
2121,NVT
2122,NVTA
2123,NWG
2124,NWN
2125,NX
2126,NXC
2127,NXD-A
2128,NXDT
2129,NXE
2130,NXG
2131,NXJ
2132,NXN
2133,NXP
2134,NXRT
2135,NYC
2136,NYC-A
2137,NYC-U
2138,NYCB
2139,NYT
2140,NZF
2141,O
2142,OAK-A
2143,OAK-B
2144,OBDC
2145,OBK
2146,OC
2147,OCFT
2148,OCN
2149,ODC
2150,ODV
2151,OEC
2152,OFC
2153,OFG
2154,OGE
2155,OGN
2156,OGS
2157,OHI
2158,OI
2159,OIA
2160,OII
2161,OIS
2162,OKE
2163,OLN
2164,OLO
2165,OLP
2166,OMC
2167,OMF
2168,OMI
2169,ONL
2170,ONON
2171,ONTF
2172,ONTO
2173,OOMA
2174,OPA
2175,OPA.T
2176,OPA.U
2177,OPA.W
2178,OPAD
2179,OPF.W
2180,OPFI
2181,OPP
2182,OPP-A
2183,OPP-B
2184,OPY
2185,OR
2186,ORA
2187,ORAN
2188,ORC
2189,ORCL
2190,ORI
2191,ORN
2192,OSCR
2193,OSG
2194,OSI
2195,OSI.U
2196,OSI.W
2197,OSK
2198,OTIS
2199,OUS.W
2200,OUST
2201,OUT
2202,OVV
2203,OWL
2204,OWLT
2205,OXM
2206,OXY
2207,OXY.W
2208,PAAS
2209,PAC
2210,PAC.U
2211,PAC.W
2212,PACI
2213,PACK
2214,PAG
2215,PAGS
2216,PAI
2217,PAM
2218,PAR
2219,PARR
2220,PATH
2221,PAXS
2222,PAY
2223,PAYC
2224,PB
2225,PBA
2226,PBF
2227,PBH
2228,PBI
2229,PBI-B
2230,PBR
2231,PBR.A
2232,PBT
2233,PCF
2234,PCG
2235,PCGU
2236,PCK
2237,PCM
2238,PCN
2239,PCOR
2240,PCQ
2241,PD
2242,PDI
2243,PDM
2244,PDO
2245,PDS
2246,PDT
2247,PEAK
2248,PEB
2249,PEB-E
2250,PEB-F
2251,PEB-G
2252,PEB-H
2253,PEG
2254,PEN
2255,PEO
2256,PER.W
2257,PERF
2258,PFD
2259,PFE
2260,PFGC
2261,PFH
2262,PFL
2263,PFLT
2264,PFN
2265,PFO
2266,PFS
2267,PFSI
2268,PG
2269,PGP
2270,PGR
2271,PGRE
2272,PGRU
2273,PGS.U
2274,PGS.W
2275,PGSS
2276,PGTI
2277,PGZ
2278,PH
2279,PHD
2280,PHG
2281,PHI
2282,PHIN
2283,PHK
2284,PHM
2285,PHR
2286,PHT
2287,PHX
2288,PHY.U
2289,PHY.W
2290,PHYT
2291,PIA.U
2292,PIA.W
2293,PIAI
2294,PII
2295,PIM
2296,PINE
2297,PINS
2298,PIPR
2299,PJT
2300,PK
2301,PKE
2302,PKG
2303,PKST
2304,PKX
2305,PL
2306,PL.W
2307,PLD
2308,PLNT
2309,PLOW
2310,PLTR
2311,PLYM
2312,PM
2313,PMF
2314,PML
2315,PMM
2316,PMO
2317,PMT
2318,PMT-A
2319,PMT-B
2320,PMT-C
2321,PMX
2322,PNC
2323,PNF
2324,PNI
2325,PNM
2326,PNNT
2327,PNR
2328,PNW
2329,POR
2330,POR.U
2331,POR.W
2332,PORT
2333,POST
2334,PPG
2335,PPL
2336,PPT
2337,PR
2338,PRA
2339,PRE-J
2340,PRG
2341,PRGO
2342,PRH
2343,PRI
2344,PRI-D
2345,PRI-F
2346,PRI-G
2347,PRI-H
2348,PRI-I
2349,PRI-J
2350,PRI-K
2351,PRI-L
2352,PRIM
2353,PRLB
2354,PRM
2355,PRMW
2356,PRO
2357,PRP.S
2358,PRP.T
2359,PRPC
2360,PRS
2361,PRT
2362,PRU
2363,PSA
2364,PSA-F
2365,PSA-G
2366,PSA-H
2367,PSA-I
2368,PSA-J
2369,PSA-K
2370,PSA-L
2371,PSA-M
2372,PSA-N
2373,PSA-O
2374,PSA-P
2375,PSA-Q
2376,PSA-R
2377,PSA-S
2378,PSE-A
2379,PSF
2380,PSF.W
2381,PSFE
2382,PSN
2383,PSO
2384,PSQ.W
2385,PSQH
2386,PSTG
2387,PSTL
2388,PSX
2389,PTA
2390,PTY
2391,PUK
2392,PUMP
2393,PVH
2394,PVL
2395,PWR
2396,PWSC
2397,PX
2398,PXD
2399,PYN
2400,PYT
2401,PZC
2402,QBT.W
2403,QBTS
2404,QD
2405,QFT.U
2406,QFTA
2407,QGEN
2408,QS
2409,QSR
2410,QTWO
2411,QUAD
2412,QUOT
2413,QVCC
2414,QVCD
2415,R
2416,RA
2417,RACE
2418,RAD
2419,RAMP
2420,RBA
2421,RBC
2422,RBCP
2423,RBLX
2424,RBO.W
2425,RBOT
2426,RBT
2427,RBT.W
2428,RC
2429,RC-C
2430,RC-E
2431,RCA
2432,RCB
2433,RCC
2434,RCF.U
2435,RCF.W
2436,RCFA
2437,RCI
2438,RCL
2439,RCS
2440,RCUS
2441,RDN
2442,RDW
2443,RDW.W
2444,RDY
2445,RELX
2446,RERE
2447,RES
2448,REVG
2449,REX
2450,REX-B
2451,REX-C
2452,REXR
2453,REZI
2454,RF
2455,RF-B
2456,RF-C
2457,RF-E
2458,RFI
2459,RFL
2460,RFM
2461,RFMZ
2462,RGA
2463,RGR
2464,RGS
2465,RGT
2466,RH
2467,RHI
2468,RHP
2469,RIG
2470,RIO
2471,RIT-A
2472,RIT-B
2473,RIT-C
2474,RIT-D
2475,RITM
2476,RIV
2477,RIV-A
2478,RJF
2479,RJF-B
2480,RKT
2481,RL
2482,RLI
2483,RLJ
2484,RLJ-A
2485,RLTY
2486,RLX
2487,RM
2488,RMAX
2489,RMD
2490,RMI
2491,RMM
2492,RMMZ
2493,RMP.P
2494,RMT
2495,RNG
2496,RNGR
2497,RNP
2498,RNR
2499,RNR-F
2500,RNR-G
2501,ROG
2502,ROK
2503,ROL
2504,ROS.U
2505,ROS.W
2506,ROSS
2507,RPM
2508,RPT
2509,RPT-D
2510,RQI
2511,RRA.U
2512,RRA.W
2513,RRAC
2514,RRC
2515,RRX
2516,RS
2517,RSF
2518,RSG
2519,RSI
2520,RSKD
2521,RTO
2522,RTX
2523,RVLV
2524,RVT
2525,RVTY
2526,RWT
2527,RWT-A
2528,RXO
2529,RY
2530,RY-T
2531,RYAM
2532,RYAN
2533,RYI
2534,RYN
2535,RZB
2536,RZC
2537,S
2538,SA
2539,SAFE
2540,SAH
2541,SAIC
2542,SAJ
2543,SAM
2544,SAN
2545,SAND
2546,SAP
2547,SAR
2548,SAT
2549,SAVE
2550,SAY
2551,SAZ
2552,SB
2553,SB-C
2554,SB-D
2555,SBBA
2556,SBH
2557,SBI
2558,SBOW
2559,SBR
2560,SBS
2561,SBSW
2562,SBX.U
2563,SBX.W
2564,SBXC
2565,SCCO
2566,SCD
2567,SCE-G
2568,SCE-H
2569,SCE-J
2570,SCE-K
2571,SCE-L
2572,SCH-D
2573,SCH-J
2574,SCHW
2575,SCI
2576,SCL
2577,SCM
2578,SCS
2579,SCU
2580,SCX
2581,SD
2582,SDHY
2583,SDRL
2584,SE
2585,SEA-A
2586,SEA-B
2587,SEAS
2588,SED.U
2589,SED.W
2590,SEDA
2591,SEE
2592,SEM
2593,SEMR
2594,SES
2595,SES.W
2596,SF
2597,SF-B
2598,SF-C
2599,SF-D
2600,SFB
2601,SFBS
2602,SFL
2603,SG
2604,SGHC
2605,SGU
2606,SHA.W
2607,SHAK
2608,SHAP
2609,SHCO
2610,SHEL
2611,SHG
2612,SHO
2613,SHO-H
2614,SHO-I
2615,SHOP
2616,SHP.W
2617,SHPW
2618,SHW
2619,SID
2620,SIG
2621,SII
2622,SIT-A
2623,SITC
2624,SITE
2625,SIX
2626,SJM
2627,SJT
2628,SJW
2629,SKE
2630,SKI.W
2631,SKIL
2632,SKLZ
2633,SKM
2634,SKT
2635,SKX
2636,SKY
2637,SLB
2638,SLCA
2639,SLF
2640,SLG
2641,SLG-I
2642,SLGN
2643,SLQT
2644,SLVM
2645,SM
2646,SMAR
2647,SMFG
2648,SMG
2649,SMHI
2650,SMLP
2651,SMP
2652,SMR
2653,SMR.W
2654,SMRT
2655,SMWB
2656,SN
2657,SNA
2658,SNAP
2659,SNDA
2660,SNDR
2661,SNN
2662,SNOW
2663,SNV
2664,SNV-D
2665,SNV-E
2666,SNX
2667,SO
2668,SOI
2669,SOJC
2670,SOJD
2671,SOJE
2672,SOL
2673,SON
2674,SONX
2675,SONY
2676,SOR
2677,SOS
2678,SPB
2679,SPCE
2680,SPE
2681,SPE-C
2682,SPG
2683,SPG-J
2684,SPGI
2685,SPH
2686,SPHR
2687,SPIR
2688,SPL-A
2689,SPLP
2690,SPN-B
2691,SPNT
2692,SPOT
2693,SPR
2694,SPRU
2695,SPXC
2696,SPXX
2697,SQ
2698,SQM
2699,SQNS
2700,SQSP
2701,SR
2702,SR-A
2703,SRC
2704,SRC-A
2705,SRE
2706,SREA
2707,SRFM
2708,SRG
2709,SRG-A
2710,SRI
2711,SRL
2712,SRT
2713,SRV
2714,SSD
2715,SSL
2716,SST
2717,SST.W
2718,SSTK
2719,SSU
2720,SSU.W
2721,ST
2722,STAG
2723,STC
2724,STE
2725,STEL
2726,STEM
2727,STEW
2728,STG
2729,STK
2730,STLA
2731,STM
2732,STN
2733,STNG
2734,STR
2735,STT
2736,STT-D
2737,STT-G
2738,STVN
2739,STWD
2740,STXT
2741,STZ
2742,SU
2743,SUA.U
2744,SUA.W
2745,SUAC
2746,SUI
2747,SUM
2748,SUN
2749,SUN.W
2750,SUNL
2751,SUP
2752,SUPV
2753,SUZ
2754,SVV
2755,SWI
2756,SWK
2757,SWN
2758,SWX
2759,SWZ
2760,SXC
2761,SXI
2762,SXT
2763,SYF
2764,SYF-A
2765,SYK
2766,SYY
2767,T
2768,T-A
2769,T-C
2770,TAC
2771,TAK
2772,TAL
2773,TALO
2774,TAP
2775,TAP.A
2776,TARO
2777,TBB
2778,TBC
2779,TBI
2780,TCI
2781,TCN
2782,TCO.U
2783,TCO.W
2784,TCOA
2785,TCS
2786,TD
2787,TDC
2788,TDCX
2789,TDF
2790,TDG
2791,TDOC
2792,TDS
2793,TDS-U
2794,TDS-V
2795,TDW
2796,TDW.A
2797,TDW.B
2798,TDY
2799,TEAF
2800,TECK
2801,TEF
2802,TEI
2803,TEL
2804,TEO
2805,TEVA
2806,TEX
2807,TFC
2808,TFC-I
2809,TFC-O
2810,TFC-R
2811,TFII
2812,TFPM
2813,TFSA
2814,TFX
2815,TG
2816,TGH
2817,TGH-A
2818,TGH-B
2819,TGI
2820,TGLS
2821,TGNA
2822,TGS
2823,TGT
2824,THC
2825,THG
2826,THLV
2827,THO
2828,THQ
2829,THR
2830,THS
2831,THW
2832,TIMB
2833,TISI
2834,TIXT
2835,TJX
2836,TK
2837,TKC
2838,TKR
2839,TLG.U
2840,TLGA
2841,TLK
2842,TLYS
2843,TM
2844,TME
2845,TMHC
2846,TMO
2847,TMST
2848,TNC
2849,TNET
2850,TNK
2851,TNL
2852,TNP
2853,TNP-E
2854,TNP-F
2855,TOL
2856,TOST
2857,TPB
2858,TPC
2859,TPH
2860,TPL
2861,TPR
2862,TPTA
2863,TPVG
2864,TPX
2865,TPZ
2866,TR
2867,TRC
2868,TRC.U
2869,TRC.W
2870,TRCA
2871,TREX
2872,TRGP
2873,TRI
2874,TRI.U
2875,TRI.W
2876,TRIS
2877,TRN
2878,TRNO
2879,TROX
2880,TRP
2881,TRT-A
2882,TRT-B
2883,TRT-C
2884,TRT-D
2885,TRT-E
2886,TRT-P
2887,TRT.U
2888,TRT.W
2889,TRTL
2890,TRTN
2891,TRTX
2892,TRU
2893,TRV
2894,TS
2895,TSE
2896,TSI
2897,TSLX
2898,TSM
2899,TSN
2900,TSQ
2901,TT
2902,TTC
2903,TTE
2904,TTI
2905,TTP
2906,TU
2907,TUP
2908,TUYA
2909,TV
2910,TVC
2911,TVE
2912,TWI
2913,TWLO
2914,TWN
2915,TWO
2916,TWO-A
2917,TWO-B
2918,TWO-C
2919,TWOA
2920,TX
2921,TXO
2922,TXT
2923,TY
2924,TY.P
2925,TYG
2926,TYL
2927,U
2928,UA
2929,UAA
2930,UAN
2931,UBA
2932,UBER
2933,UBP
2934,UBP-H
2935,UBP-K
2936,UBS
2937,UDR
2938,UE
2939,UFI
2940,UGI
2941,UGIC
2942,UGP
2943,UHA.B
2944,UHAL
2945,UHS
2946,UHT
2947,UI
2948,UIS
2949,UL
2950,UMC
2951,UMH
2952,UMH-D
2953,UNF
2954,UNFI
2955,UNH
2956,UNM
2957,UNMA
2958,UNP
2959,UNVR
2960,UP
2961,UPH
2962,UPH.W
2963,UPS
2964,URI
2965,USA
2966,USAC
2967,USB
2968,USB-A
2969,USB-H
2970,USB-P
2971,USB-Q
2972,USB-R
2973,USB-S
2974,USDP
2975,USFD
2976,USM
2977,USNA
2978,USPH
2979,UTF
2980,UTI
2981,UTL
2982,UTZ
2983,UVE
2984,UVV
2985,UWM.W
2986,UWMC
2987,UZD
2988,UZE
2989,UZF
2990,V
2991,VAC
2992,VAL
2993,VAL.W
2994,VALE
2995,VAPO
2996,VATE
2997,VBF
2998,VCIF
2999,VCV
3000,VCX.U
3001,VCX.W
3002,VCXB
3003,VEEV
3004,VEL
3005,VET
3006,VFC
3007,VGI
3008,VGM
3009,VGR
3010,VHC
3011,VHI
3012,VIAO
3013,VICI
3014,VIPS
3015,VIST
3016,VIV
3017,VKQ
3018,VLD
3019,VLD.W
3020,VLN
3021,VLN.W
3022,VLO
3023,VLRS
3024,VLT
3025,VMC
3026,VMI
3027,VMO
3028,VMW
3029,VNCE
3030,VNO
3031,VNO-L
3032,VNO-M
3033,VNO-N
3034,VNO-O
3035,VNT
3036,VOC
3037,VOY-B
3038,VOYA
3039,VPG
3040,VPV
3041,VRE
3042,VRT
3043,VRTV
3044,VSCO
3045,VSH
3046,VST
3047,VST.A
3048,VSTO
3049,VTEX
3050,VTLE
3051,VTMX
3052,VTN
3053,VTOL
3054,VTR
3055,VTS
3056,VVI
3057,VVR
3058,VVV
3059,VVX
3060,VZ
3061,VZIO
3062,W
3063,WAB
3064,WAL
3065,WAL-A
3066,WAT
3067,WAV.U
3068,WAV.W
3069,WAVC
3070,WBS
3071,WBS-F
3072,WBS-G
3073,WBX
3074,WBX.W
3075,WCC
3076,WCC-A
3077,WCN
3078,WD
3079,WDH
3080,WDI
3081,WDS
3082,WE
3083,WE.W
3084,WEA
3085,WEAV
3086,WEC
3087,WEL
3088,WEL.W
3089,WELL
3090,WES
3091,WEX
3092,WF
3093,WFC
3094,WFC-A
3095,WFC-C
3096,WFC-D
3097,WFC-L
3098,WFC-Q
3099,WFC-R
3100,WFC-Y
3101,WFC-Z
3102,WFG
3103,WGO
3104,WH
3105,WHD
3106,WHG
3107,WHR
3108,WIA
3109,WINN
3110,WIT
3111,WIW
3112,WK
3113,WKC
3114,WLK
3115,WLKP
3116,WLY
3117,WLYB
3118,WM
3119,WMB
3120,WMC
3121,WMK
3122,WMS
3123,WMT
3124,WNC
3125,WNN.U
3126,WNN.W
3127,WNNR
3128,WNS
3129,WOLF
3130,WOR
3131,WOW
3132,WPC
3133,WPM
3134,WPP
3135,WRB
3136,WRB-E
3137,WRB-F
3138,WRB-G
3139,WRB-H
3140,WRBY
3141,WRK
3142,WSM
3143,WSO
3144,WSO.B
3145,WSR
3146,WST
3147,WT
3148,WTI
3149,WTM
3150,WTRG
3151,WTS
3152,WTTR
3153,WU
3154,WWE
3155,WWW
3156,WY
3157,X
3158,XFL-A
3159,XFLT
3160,XHR
3161,XIN
3162,XOM
3163,XPER
3164,XPEV
3165,XPO
3166,XPOF
3167,XPRO
3168,XYF
3169,XYL
3170,YALA
3171,YELP
3172,YETI
3173,YEXT
3174,YMM
3175,YOU
3176,YPF
3177,YRD
3178,YSG
3179,YUM
3180,YUMC
3181,ZBH
3182,ZEPP
3183,ZETA
3184,ZEV
3185,ZEV.W
3186,ZGN
3187,ZH
3188,ZIM
3189,ZIP
3190,ZTO
3191,ZTR
3192,ZTS
3193,ZUO
3194,ZVIA
3195,ZWS
0,SPY
1,GLD
2,VWO
3,EEM
4,EFA
6,IVV
7,TIP
8,VTI
9,LQD
10,IWF
11,IWM
13,AGG
14,HYG
15,IWD
16,DIA
17,JNK
18,VNQ
19,IJH
20,VIG
21,EWZ
23,MDY
25,SLV
26,IAU
27,XLK
28,SDY
29,CSJ
31,XLE
32,VEA
33,IJR
34,BSV
35,XLF
36,VUG
37,IVW
38,IWB
39,VEU
40,IWR
41,GDX
42,FXI
43,XLU
44,MOO
45,DBC
46,VTV
47,EWJ
48,XLP
50,EWC
51,IVE
52,CIU
54,VB
56,AMJ
57,IWO
58,XLV
59,IWN
60,IYR
61,VO
62,TBT
63,IWP
64,OEF
65,DEM
66,XLI
67,EWY
68,EPP
69,IWV
70,VV
71,EWG
72,XLY
73,IWS
74,VYM
75,RSP
76,IJK
77,BIV
79,VOO
80,MUB
81,AMLP
83,EWA
84,VGK
85,ICF
86,RWX
88,EWT
89,DJP
92,VGT
93,IJS
94,IJJ
96,RSX
97,VBK
98,ILF
